Molecule 1, Molecule 2, Distance, Execution Time [ns]
CRW_23S_B_Ac_34, CRW_23S_B_Ac_35, 529.5, 13779532723
CRW_23S_B_Ac_34, CRW_23S_B_C_13, 930.25, 13203082749
CRW_23S_B_Ac_34, CRW_23S_B_D_20, 908, 12184569796
CRW_23S_B_Ac_34, CRW_23S_B_D_21, 907.5, 12365353450
CRW_23S_B_Ac_34, CRW_23S_B_D_49, 1000.25, 15241477353
CRW_23S_B_Ac_34, CRW_23S_B_F_16, 853, 11921469252
CRW_23S_B_Ac_34, CRW_23S_B_F_17, 844.5, 11780829939
CRW_23S_B_Ac_34, CRW_23S_B_F_18, 844.5, 11769433888
CRW_23S_B_Ac_34, CRW_23S_B_F_19, 849, 11991711742
CRW_23S_B_Ac_34, CRW_23S_B_F_22, 837.25, 12937496147
CRW_23S_B_Ac_34, CRW_23S_B_F_23, 916, 12823721062
CRW_23S_B_Ac_34, CRW_23S_B_F_30, 805.5, 13750032198
CRW_23S_B_Ac_34, CRW_23S_B_F_32, 805.5, 13035988898
CRW_23S_B_Ac_34, CRW_23S_B_F_33, 788.75, 13277683510
CRW_23S_B_Ac_34, CRW_23S_B_F_3, 806.75, 13504137729
CRW_23S_B_Ac_34, CRW_23S_B_F_45, 770, 13091725712
CRW_23S_B_Ac_34, CRW_23S_B_F_46, 782.25, 12874035273
CRW_23S_B_Ac_34, CRW_23S_B_F_4, 788.25, 13327721446
CRW_23S_B_Ac_34, CRW_23S_B_P_10, 942.5, 12325217307
CRW_23S_B_Ac_34, CRW_23S_B_P_11, 943, 12453237933
CRW_23S_B_Ac_34, CRW_23S_B_P_12, 917.75, 12480272178
CRW_23S_B_Ac_34, CRW_23S_B_P_1, 887.75, 13293682617
CRW_23S_B_Ac_34, CRW_23S_B_P_24, 878, 12513070242
CRW_23S_B_Ac_34, CRW_23S_B_P_27, 894.75, 12429320284
CRW_23S_B_Ac_34, CRW_23S_B_P_28, 1093.5, 16395914274
CRW_23S_B_Ac_34, CRW_23S_B_P_29, 884.25, 12283331370
CRW_23S_B_Ac_34, CRW_23S_B_P_2, 886.5, 13207806128
CRW_23S_B_Ac_34, CRW_23S_B_P_38, 894.5, 11774256445
CRW_23S_B_Ac_34, CRW_23S_B_P_39, 897, 11825981733
CRW_23S_B_Ac_34, CRW_23S_B_P_40, 967.75, 13530648709
CRW_23S_B_Ac_34, CRW_23S_B_P_41, 884.5, 13122093453
CRW_23S_B_Ac_34, CRW_23S_B_P_43, 1049, 12889948962
CRW_23S_B_Ac_34, CRW_23S_B_P_44, 952, 13755525374
CRW_23S_B_Ac_34, CRW_23S_B_P_5, 1043.25, 12767129875
CRW_23S_B_Ac_34, CRW_23S_B_P_6, 987.5, 13802343611
CRW_23S_B_Ac_34, CRW_23S_B_P_7, 1094.5, 13671649119
CRW_23S_B_Ac_34, CRW_23S_B_P_9, 926.25, 12445079291
CRW_23S_B_Ac_34, CRW_23S_B_S_31, 822.5, 12632840935
CRW_23S_B_Ac_34, CRW_23S_B_S_50, 878.75, 14225391589
CRW_23S_B_Ac_34, CRW_23S_B_S_8, 855.5, 12919216012
CRW_23S_B_Ac_34, CRW_23S_B_T_36, 958.25, 12831739684
CRW_23S_B_Ac_34, CRW_23S_B_T_37, 910.75, 12849245953
CRW_23S_B_Ac_34, CRW_23S_B_The_48, , 75572449
CRW_23S_B_Ac_35, CRW_23S_B_C_13, 1021.5, 14974936411
CRW_23S_B_Ac_35, CRW_23S_B_D_20, 969.75, 14530824879
CRW_23S_B_Ac_35, CRW_23S_B_D_21, 969.75, 14551869617
CRW_23S_B_Ac_35, CRW_23S_B_D_49, 916, 14314691894
CRW_23S_B_Ac_35, CRW_23S_B_F_16, 915.75, 13965720340
CRW_23S_B_Ac_35, CRW_23S_B_F_17, 951.5, 13950616671
CRW_23S_B_Ac_35, CRW_23S_B_F_18, 954, 14968193500
CRW_23S_B_Ac_35, CRW_23S_B_F_19, 922.25, 14089452860
CRW_23S_B_Ac_35, CRW_23S_B_F_22, 930.25, 14965925049
CRW_23S_B_Ac_35, CRW_23S_B_F_23, 940, 14819172448
CRW_23S_B_Ac_35, CRW_23S_B_F_30, 963.75, 15129107730
CRW_23S_B_Ac_35, CRW_23S_B_F_32, 911.75, 14051803298
CRW_23S_B_Ac_35, CRW_23S_B_F_33, 894.75, 15200298218
CRW_23S_B_Ac_35, CRW_23S_B_F_3, 926.75, 14968134967
CRW_23S_B_Ac_35, CRW_23S_B_F_45, 890.5, 14707806201
CRW_23S_B_Ac_35, CRW_23S_B_F_46, 910, 14864603297
CRW_23S_B_Ac_35, CRW_23S_B_F_4, 890.75, 15160744345
CRW_23S_B_Ac_35, CRW_23S_B_P_10, 993, 13585675123
CRW_23S_B_Ac_35, CRW_23S_B_P_11, 991.75, 13624632701
CRW_23S_B_Ac_35, CRW_23S_B_P_12, 1005.5, 14658886991
CRW_23S_B_Ac_35, CRW_23S_B_P_1, 962, 15290394467
CRW_23S_B_Ac_35, CRW_23S_B_P_24, 940, 13507814316
CRW_23S_B_Ac_35, CRW_23S_B_P_27, 1005.75, 14537346036
CRW_23S_B_Ac_35, CRW_23S_B_P_28, 1087.75, 14977663090
CRW_23S_B_Ac_35, CRW_23S_B_P_29, 939, 13988628034
CRW_23S_B_Ac_35, CRW_23S_B_P_2, 981, 14535830630
CRW_23S_B_Ac_35, CRW_23S_B_P_38, 964.25, 13325478942
CRW_23S_B_Ac_35, CRW_23S_B_P_39, 963.25, 13164508357
CRW_23S_B_Ac_35, CRW_23S_B_P_40, 1044.25, 15254778384
CRW_23S_B_Ac_35, CRW_23S_B_P_41, 979, 14516113820
CRW_23S_B_Ac_35, CRW_23S_B_P_43, 1143.75, 15245466212
CRW_23S_B_Ac_35, CRW_23S_B_P_44, 1056.25, 15299553464
CRW_23S_B_Ac_35, CRW_23S_B_P_5, 1104.25, 15547515682
CRW_23S_B_Ac_35, CRW_23S_B_P_6, 1039.5, 15059982315
CRW_23S_B_Ac_35, CRW_23S_B_P_7, 1149.75, 14763716276
CRW_23S_B_Ac_35, CRW_23S_B_P_9, 993.25, 13522171259
CRW_23S_B_Ac_35, CRW_23S_B_S_31, 859.5, 13759284527
CRW_23S_B_Ac_35, CRW_23S_B_S_50, 1016.5, 14657906750
CRW_23S_B_Ac_35, CRW_23S_B_S_8, 980.25, 15344000400
CRW_23S_B_Ac_35, CRW_23S_B_T_36, 1035.5, 14493782572
CRW_23S_B_Ac_35, CRW_23S_B_T_37, 1035.75, 14520067689
CRW_23S_B_Ac_35, CRW_23S_B_The_48, , 61230946
CRW_23S_B_C_13, CRW_23S_B_D_20, 697.75, 12531030111
CRW_23S_B_C_13, CRW_23S_B_D_21, 697.25, 11983910611
CRW_23S_B_C_13, CRW_23S_B_D_49, 825, 14816965831
CRW_23S_B_C_13, CRW_23S_B_F_16, 631.5, 9983496070
CRW_23S_B_C_13, CRW_23S_B_F_17, 616, 9922690206
CRW_23S_B_C_13, CRW_23S_B_F_18, 617.5, 10329368238
CRW_23S_B_C_13, CRW_23S_B_F_19, 618.5, 9894102622
CRW_23S_B_C_13, CRW_23S_B_F_22, 654.25, 11815799261
CRW_23S_B_C_13, CRW_23S_B_F_23, 628, 10764460970
CRW_23S_B_C_13, CRW_23S_B_F_30, 648, 11427716851
CRW_23S_B_C_13, CRW_23S_B_F_32, 670.5, 12134457801
CRW_23S_B_C_13, CRW_23S_B_F_33, 642.5, 11720591921
CRW_23S_B_C_13, CRW_23S_B_F_3, 661.5, 12028257536
CRW_23S_B_C_13, CRW_23S_B_F_45, 626, 11692331483
CRW_23S_B_C_13, CRW_23S_B_F_46, 631, 12024123575
CRW_23S_B_C_13, CRW_23S_B_F_4, 659.25, 11481718401
CRW_23S_B_C_13, CRW_23S_B_P_10, 686.25, 10488581037
CRW_23S_B_C_13, CRW_23S_B_P_11, 686.5, 10476996752
CRW_23S_B_C_13, CRW_23S_B_P_12, 647.25, 10466546593
CRW_23S_B_C_13, CRW_23S_B_P_1, 701.25, 11725894777
CRW_23S_B_C_13, CRW_23S_B_P_24, 711, 10618867059
CRW_23S_B_C_13, CRW_23S_B_P_27, 685.25, 12185506749
CRW_23S_B_C_13, CRW_23S_B_P_28, 829.25, 14211673620
CRW_23S_B_C_13, CRW_23S_B_P_29, 705.25, 10718967527
CRW_23S_B_C_13, CRW_23S_B_P_2, 697.5, 11336888006
CRW_23S_B_C_13, CRW_23S_B_P_38, 686.25, 10485793124
CRW_23S_B_C_13, CRW_23S_B_P_39, 681, 10600659294
CRW_23S_B_C_13, CRW_23S_B_P_40, 780.5, 12651444297
CRW_23S_B_C_13, CRW_23S_B_P_41, 697.5, 11727213928
CRW_23S_B_C_13, CRW_23S_B_P_43, 841.25, 11734223958
CRW_23S_B_C_13, CRW_23S_B_P_44, 705, 11708968280
CRW_23S_B_C_13, CRW_23S_B_P_5, 833.75, 12180256333
CRW_23S_B_C_13, CRW_23S_B_P_6, 730.5, 11452043077
CRW_23S_B_C_13, CRW_23S_B_P_7, 854.75, 11587884068
CRW_23S_B_C_13, CRW_23S_B_P_9, 686, 10224563289
CRW_23S_B_C_13, CRW_23S_B_S_31, 706.25, 10600389461
CRW_23S_B_C_13, CRW_23S_B_S_50, 690.25, 11655885853
CRW_23S_B_C_13, CRW_23S_B_S_8, 665.5, 11874140254
CRW_23S_B_C_13, CRW_23S_B_T_36, 720, 11692680713
CRW_23S_B_C_13, CRW_23S_B_T_37, 695.5, 11702832779
CRW_23S_B_C_13, CRW_23S_B_The_48, , 62184729
CRW_23S_B_D_20, CRW_23S_B_D_21, 1, 4783110599
CRW_23S_B_D_20, CRW_23S_B_D_49, 573, 11724796822
CRW_23S_B_D_20, CRW_23S_B_F_16, 599.75, 10576112194
CRW_23S_B_D_20, CRW_23S_B_F_17, 600.25, 10914990832
CRW_23S_B_D_20, CRW_23S_B_F_18, 605.75, 11000297124
CRW_23S_B_D_20, CRW_23S_B_F_19, 606.5, 11087113849
CRW_23S_B_D_20, CRW_23S_B_F_22, 574.75, 10024357719
CRW_23S_B_D_20, CRW_23S_B_F_23, 620.5, 10370929852
CRW_23S_B_D_20, CRW_23S_B_F_30, 572, 10183536145
CRW_23S_B_D_20, CRW_23S_B_F_32, 585.25, 10453720945
CRW_23S_B_D_20, CRW_23S_B_F_33, 585.75, 10322161652
CRW_23S_B_D_20, CRW_23S_B_F_3, 579.75, 10603654139
CRW_23S_B_D_20, CRW_23S_B_F_45, 595.25, 10414835830
CRW_23S_B_D_20, CRW_23S_B_F_46, 593.75, 10278548377
CRW_23S_B_D_20, CRW_23S_B_F_4, 580, 10171386034
CRW_23S_B_D_20, CRW_23S_B_P_10, 677, 10918211894
CRW_23S_B_D_20, CRW_23S_B_P_11, 678.25, 10909209274
CRW_23S_B_D_20, CRW_23S_B_P_12, 663.25, 11340459249
CRW_23S_B_D_20, CRW_23S_B_P_1, 678.25, 10831433395
CRW_23S_B_D_20, CRW_23S_B_P_24, 682.75, 11440072314
CRW_23S_B_D_20, CRW_23S_B_P_27, 706.25, 10492411475
CRW_23S_B_D_20, CRW_23S_B_P_28, 826.75, 12884365954
CRW_23S_B_D_20, CRW_23S_B_P_29, 682, 11417859988
CRW_23S_B_D_20, CRW_23S_B_P_2, 686.25, 10687221572
CRW_23S_B_D_20, CRW_23S_B_P_38, 676.25, 11102457582
CRW_23S_B_D_20, CRW_23S_B_P_39, 678.75, 10987588295
CRW_23S_B_D_20, CRW_23S_B_P_40, 760.75, 11161176116
CRW_23S_B_D_20, CRW_23S_B_P_41, 674, 10777882654
CRW_23S_B_D_20, CRW_23S_B_P_43, 869.25, 10532911882
CRW_23S_B_D_20, CRW_23S_B_P_44, 690.5, 10848677620
CRW_23S_B_D_20, CRW_23S_B_P_5, 852.5, 10710217623
CRW_23S_B_D_20, CRW_23S_B_P_6, 716, 10533136591
CRW_23S_B_D_20, CRW_23S_B_P_7, 856.5, 10639569319
CRW_23S_B_D_20, CRW_23S_B_P_9, 679.25, 11006795587
CRW_23S_B_D_20, CRW_23S_B_S_31, 703, 11664452684
CRW_23S_B_D_20, CRW_23S_B_S_50, 713, 11012935540
CRW_23S_B_D_20, CRW_23S_B_S_8, 737, 10837959414
CRW_23S_B_D_20, CRW_23S_B_T_36, 702.25, 10780199914
CRW_23S_B_D_20, CRW_23S_B_T_37, 692, 10715695745
CRW_23S_B_D_20, CRW_23S_B_The_48, , 62115570
CRW_23S_B_D_21, CRW_23S_B_D_49, 572, 11596582349
CRW_23S_B_D_21, CRW_23S_B_F_16, 599.75, 10495760808
CRW_23S_B_D_21, CRW_23S_B_F_17, 600.25, 10852659694
CRW_23S_B_D_21, CRW_23S_B_F_18, 605.75, 10804995891
CRW_23S_B_D_21, CRW_23S_B_F_19, 606.5, 10915414005
CRW_23S_B_D_21, CRW_23S_B_F_22, 573.75, 10198163971
CRW_23S_B_D_21, CRW_23S_B_F_23, 620.5, 10515086287
CRW_23S_B_D_21, CRW_23S_B_F_30, 572, 10461706210
CRW_23S_B_D_21, CRW_23S_B_F_32, 585.25, 10509368737
CRW_23S_B_D_21, CRW_23S_B_F_33, 585.25, 10304644547
CRW_23S_B_D_21, CRW_23S_B_F_3, 579.25, 10742116137
CRW_23S_B_D_21, CRW_23S_B_F_45, 595.25, 10838467695
CRW_23S_B_D_21, CRW_23S_B_F_46, 592.75, 10516708161
CRW_23S_B_D_21, CRW_23S_B_F_4, 579.5, 10354738118
CRW_23S_B_D_21, CRW_23S_B_P_10, 677.5, 10912527614
CRW_23S_B_D_21, CRW_23S_B_P_11, 678.75, 10866644417
CRW_23S_B_D_21, CRW_23S_B_P_12, 663.75, 11428804134
CRW_23S_B_D_21, CRW_23S_B_P_1, 678.25, 10682029891
CRW_23S_B_D_21, CRW_23S_B_P_24, 682.25, 11433586433
CRW_23S_B_D_21, CRW_23S_B_P_27, 705.75, 10500503291
CRW_23S_B_D_21, CRW_23S_B_P_28, 826.75, 13241851837
CRW_23S_B_D_21, CRW_23S_B_P_29, 681.5, 11481401081
CRW_23S_B_D_21, CRW_23S_B_P_2, 686.25, 10730399342
CRW_23S_B_D_21, CRW_23S_B_P_38, 676.25, 11288939386
CRW_23S_B_D_21, CRW_23S_B_P_39, 678.75, 10964621670
CRW_23S_B_D_21, CRW_23S_B_P_40, 760.25, 11252093939
CRW_23S_B_D_21, CRW_23S_B_P_41, 673.5, 10668755797
CRW_23S_B_D_21, CRW_23S_B_P_43, 869.75, 10306252456
CRW_23S_B_D_21, CRW_23S_B_P_44, 690.5, 10488642511
CRW_23S_B_D_21, CRW_23S_B_P_5, 852, 10656157821
CRW_23S_B_D_21, CRW_23S_B_P_6, 716, 10508518173
CRW_23S_B_D_21, CRW_23S_B_P_7, 856.5, 10553190515
CRW_23S_B_D_21, CRW_23S_B_P_9, 679.75, 10778278852
CRW_23S_B_D_21, CRW_23S_B_S_31, 702.5, 11823357531
CRW_23S_B_D_21, CRW_23S_B_S_50, 713, 10907241152
CRW_23S_B_D_21, CRW_23S_B_S_8, 738, 10966193276
CRW_23S_B_D_21, CRW_23S_B_T_36, 702.25, 10593936672
CRW_23S_B_D_21, CRW_23S_B_T_37, 692, 10781028898
CRW_23S_B_D_21, CRW_23S_B_The_48, , 66126668
CRW_23S_B_D_49, CRW_23S_B_F_16, 727.25, 12851039555
CRW_23S_B_D_49, CRW_23S_B_F_17, 717.75, 13391480969
CRW_23S_B_D_49, CRW_23S_B_F_18, 719.75, 13309352843
CRW_23S_B_D_49, CRW_23S_B_F_19, 722.25, 13223019306
CRW_23S_B_D_49, CRW_23S_B_F_22, 706.5, 12614040889
CRW_23S_B_D_49, CRW_23S_B_F_23, 739, 12512386183
CRW_23S_B_D_49, CRW_23S_B_F_30, 720.75, 13093812831
CRW_23S_B_D_49, CRW_23S_B_F_32, 697.25, 12761262966
CRW_23S_B_D_49, CRW_23S_B_F_33, 682.25, 12580204353
CRW_23S_B_D_49, CRW_23S_B_F_3, 696.75, 13028456288
CRW_23S_B_D_49, CRW_23S_B_F_45, 701.5, 12506779137
CRW_23S_B_D_49, CRW_23S_B_F_46, 703, 12765861897
CRW_23S_B_D_49, CRW_23S_B_F_4, 667.25, 12829494186
CRW_23S_B_D_49, CRW_23S_B_P_10, 760.5, 13120582625
CRW_23S_B_D_49, CRW_23S_B_P_11, 758, 13013028681
CRW_23S_B_D_49, CRW_23S_B_P_12, 764, 13539942439
CRW_23S_B_D_49, CRW_23S_B_P_1, 791.5, 12933883447
CRW_23S_B_D_49, CRW_23S_B_P_24, 778.5, 13536934654
CRW_23S_B_D_49, CRW_23S_B_P_27, 791, 12907959445
CRW_23S_B_D_49, CRW_23S_B_P_28, 835.5, 12369247929
CRW_23S_B_D_49, CRW_23S_B_P_29, 784.5, 14225327502
CRW_23S_B_D_49, CRW_23S_B_P_2, 768.75, 13048875603
CRW_23S_B_D_49, CRW_23S_B_P_38, 769.75, 13198346893
CRW_23S_B_D_49, CRW_23S_B_P_39, 768.75, 13242682140
CRW_23S_B_D_49, CRW_23S_B_P_40, 846.5, 13092867397
CRW_23S_B_D_49, CRW_23S_B_P_41, 758.25, 13055125984
CRW_23S_B_D_49, CRW_23S_B_P_43, 1021.25, 13071102344
CRW_23S_B_D_49, CRW_23S_B_P_44, 815.5, 12877661018
CRW_23S_B_D_49, CRW_23S_B_P_5, 934.5, 12886699724
CRW_23S_B_D_49, CRW_23S_B_P_6, 817.25, 12982375557
CRW_23S_B_D_49, CRW_23S_B_P_7, 949.25, 12870947326
CRW_23S_B_D_49, CRW_23S_B_P_9, 770.75, 13010746693
CRW_23S_B_D_49, CRW_23S_B_S_31, 811.25, 13843395685
CRW_23S_B_D_49, CRW_23S_B_S_50, 787.5, 13100106790
CRW_23S_B_D_49, CRW_23S_B_S_8, 874.75, 13080024424
CRW_23S_B_D_49, CRW_23S_B_T_36, 837, 13139711346
CRW_23S_B_D_49, CRW_23S_B_T_37, 825.25, 12867031872
CRW_23S_B_D_49, CRW_23S_B_The_48, , 56245002
CRW_23S_B_F_16, CRW_23S_B_F_17, 210, 6896941035
CRW_23S_B_F_16, CRW_23S_B_F_18, 209, 7191588469
CRW_23S_B_F_16, CRW_23S_B_F_19, 211.5, 7014321306
CRW_23S_B_F_16, CRW_23S_B_F_22, 417.75, 10175943395
CRW_23S_B_F_16, CRW_23S_B_F_23, 478, 9620931860
CRW_23S_B_F_16, CRW_23S_B_F_30, 441.75, 10113675682
CRW_23S_B_F_16, CRW_23S_B_F_32, 427.25, 10127604857
CRW_23S_B_F_16, CRW_23S_B_F_33, 411.75, 9647994011
CRW_23S_B_F_16, CRW_23S_B_F_3, 413.5, 10412331150
CRW_23S_B_F_16, CRW_23S_B_F_45, 429.75, 9540696069
CRW_23S_B_F_16, CRW_23S_B_F_46, 442.25, 9855236750
CRW_23S_B_F_16, CRW_23S_B_F_4, 422.25, 9687933204
CRW_23S_B_F_16, CRW_23S_B_P_10, 652, 9828978507
CRW_23S_B_F_16, CRW_23S_B_P_11, 651.25, 9820949787
CRW_23S_B_F_16, CRW_23S_B_P_12, 610, 9543882981
CRW_23S_B_F_16, CRW_23S_B_P_1, 619.25, 10232821359
CRW_23S_B_F_16, CRW_23S_B_P_24, 611.25, 9750102091
CRW_23S_B_F_16, CRW_23S_B_P_27, 621, 11000106729
CRW_23S_B_F_16, CRW_23S_B_P_28, 774, 13063202435
CRW_23S_B_F_16, CRW_23S_B_P_29, 614.5, 9606561264
CRW_23S_B_F_16, CRW_23S_B_P_2, 610.25, 10342650488
CRW_23S_B_F_16, CRW_23S_B_P_38, 616.5, 9565828972
CRW_23S_B_F_16, CRW_23S_B_P_39, 613.5, 9472744982
CRW_23S_B_F_16, CRW_23S_B_P_40, 696, 10818823483
CRW_23S_B_F_16, CRW_23S_B_P_41, 591.5, 10737112735
CRW_23S_B_F_16, CRW_23S_B_P_43, 797.25, 10591618762
CRW_23S_B_F_16, CRW_23S_B_P_44, 672.5, 10686568824
CRW_23S_B_F_16, CRW_23S_B_P_5, 778.5, 11049091827
CRW_23S_B_F_16, CRW_23S_B_P_6, 694.75, 10730468014
CRW_23S_B_F_16, CRW_23S_B_P_7, 827, 10840515236
CRW_23S_B_F_16, CRW_23S_B_P_9, 664.75, 9909776956
CRW_23S_B_F_16, CRW_23S_B_S_31, 647.25, 9724982795
CRW_23S_B_F_16, CRW_23S_B_S_50, 659, 10793559643
CRW_23S_B_F_16, CRW_23S_B_S_8, 645, 10580497889
CRW_23S_B_F_16, CRW_23S_B_T_36, 617.5, 10617089442
CRW_23S_B_F_16, CRW_23S_B_T_37, 594, 10417664073
CRW_23S_B_F_16, CRW_23S_B_The_48, , 76110512
CRW_23S_B_F_17, CRW_23S_B_F_18, 10, 4912857106
CRW_23S_B_F_17, CRW_23S_B_F_19, 13.5, 4798243470
CRW_23S_B_F_17, CRW_23S_B_F_22, 427.5, 9880351585
CRW_23S_B_F_17, CRW_23S_B_F_23, 481.25, 10226443987
CRW_23S_B_F_17, CRW_23S_B_F_30, 442.5, 10136489282
CRW_23S_B_F_17, CRW_23S_B_F_32, 433, 9909576265
CRW_23S_B_F_17, CRW_23S_B_F_33, 419, 9852154179
CRW_23S_B_F_17, CRW_23S_B_F_3, 409.25, 9972971033
CRW_23S_B_F_17, CRW_23S_B_F_45, 431.25, 9745185205
CRW_23S_B_F_17, CRW_23S_B_F_46, 440.25, 9748893042
CRW_23S_B_F_17, CRW_23S_B_F_4, 440, 9934470650
CRW_23S_B_F_17, CRW_23S_B_P_10, 645.75, 10247442970
CRW_23S_B_F_17, CRW_23S_B_P_11, 643.25, 9906622124
CRW_23S_B_F_17, CRW_23S_B_P_12, 588.75, 9503236365
CRW_23S_B_F_17, CRW_23S_B_P_1, 604.75, 10319249977
CRW_23S_B_F_17, CRW_23S_B_P_24, 616.75, 9820873308
CRW_23S_B_F_17, CRW_23S_B_P_27, 615.25, 10758164128
CRW_23S_B_F_17, CRW_23S_B_P_28, 765.5, 12968127119
CRW_23S_B_F_17, CRW_23S_B_P_29, 621.5, 9877744950
CRW_23S_B_F_17, CRW_23S_B_P_2, 606.5, 10585738481
CRW_23S_B_F_17, CRW_23S_B_P_38, 603.75, 9219385786
CRW_23S_B_F_17, CRW_23S_B_P_39, 601.25, 9283624415
CRW_23S_B_F_17, CRW_23S_B_P_40, 687.5, 10571914939
CRW_23S_B_F_17, CRW_23S_B_P_41, 593.25, 10307066811
CRW_23S_B_F_17, CRW_23S_B_P_43, 793.75, 10569270006
CRW_23S_B_F_17, CRW_23S_B_P_44, 675.5, 10960303933
CRW_23S_B_F_17, CRW_23S_B_P_5, 771.75, 11044935458
CRW_23S_B_F_17, CRW_23S_B_P_6, 687.5, 11258078102
CRW_23S_B_F_17, CRW_23S_B_P_7, 821, 11093908353
CRW_23S_B_F_17, CRW_23S_B_P_9, 650.75, 10024977334
CRW_23S_B_F_17, CRW_23S_B_S_31, 630.25, 9939338625
CRW_23S_B_F_17, CRW_23S_B_S_50, 658.75, 10987669705
CRW_23S_B_F_17, CRW_23S_B_S_8, 646.75, 10942159930
CRW_23S_B_F_17, CRW_23S_B_T_36, 605.75, 10578914057
CRW_23S_B_F_17, CRW_23S_B_T_37, 580.5, 10753310625
CRW_23S_B_F_17, CRW_23S_B_The_48, , 63675903
CRW_23S_B_F_18, CRW_23S_B_F_19, 12.5, 4992617133
CRW_23S_B_F_18, CRW_23S_B_F_22, 429, 9944888513
CRW_23S_B_F_18, CRW_23S_B_F_23, 479.75, 9903194922
CRW_23S_B_F_18, CRW_23S_B_F_30, 444, 10363491072
CRW_23S_B_F_18, CRW_23S_B_F_32, 433, 9811320512
CRW_23S_B_F_18, CRW_23S_B_F_33, 419, 9642811237
CRW_23S_B_F_18, CRW_23S_B_F_3, 410.25, 10119984167
CRW_23S_B_F_18, CRW_23S_B_F_45, 433, 9868278684
CRW_23S_B_F_18, CRW_23S_B_F_46, 443.75, 10086291290
CRW_23S_B_F_18, CRW_23S_B_F_4, 439, 10297727222
CRW_23S_B_F_18, CRW_23S_B_P_10, 647.75, 9921903495
CRW_23S_B_F_18, CRW_23S_B_P_11, 647.25, 9960035849
CRW_23S_B_F_18, CRW_23S_B_P_12, 589.75, 9558876494
CRW_23S_B_F_18, CRW_23S_B_P_1, 607.75, 10233602160
CRW_23S_B_F_18, CRW_23S_B_P_24, 617.25, 10013872197
CRW_23S_B_F_18, CRW_23S_B_P_27, 615.75, 10997057809
CRW_23S_B_F_18, CRW_23S_B_P_28, 767.25, 13169948316
CRW_23S_B_F_18, CRW_23S_B_P_29, 622.5, 9901531209
CRW_23S_B_F_18, CRW_23S_B_P_2, 605.5, 10491799713
CRW_23S_B_F_18, CRW_23S_B_P_38, 604.75, 9461020437
CRW_23S_B_F_18, CRW_23S_B_P_39, 602.25, 9409773793
CRW_23S_B_F_18, CRW_23S_B_P_40, 687.5, 10481134223
CRW_23S_B_F_18, CRW_23S_B_P_41, 590.75, 10870003251
CRW_23S_B_F_18, CRW_23S_B_P_43, 795.75, 10858183839
CRW_23S_B_F_18, CRW_23S_B_P_44, 674, 10965283991
CRW_23S_B_F_18, CRW_23S_B_P_5, 771.25, 11464355675
CRW_23S_B_F_18, CRW_23S_B_P_6, 691.25, 11287676016
CRW_23S_B_F_18, CRW_23S_B_P_7, 824, 11237012113
CRW_23S_B_F_18, CRW_23S_B_P_9, 652.75, 10036939339
CRW_23S_B_F_18, CRW_23S_B_S_31, 650.5, 10010776105
CRW_23S_B_F_18, CRW_23S_B_S_50, 661.5, 10940978216
CRW_23S_B_F_18, CRW_23S_B_S_8, 648.25, 10917940520
CRW_23S_B_F_18, CRW_23S_B_T_36, 607, 10748086440
CRW_23S_B_F_18, CRW_23S_B_T_37, 581.75, 10590902276
CRW_23S_B_F_18, CRW_23S_B_The_48, , 63707905
CRW_23S_B_F_19, CRW_23S_B_F_22, 431, 9811024241
CRW_23S_B_F_19, CRW_23S_B_F_23, 482.75, 10014911541
CRW_23S_B_F_19, CRW_23S_B_F_30, 446.5, 10114329874
CRW_23S_B_F_19, CRW_23S_B_F_32, 435.5, 9894895732
CRW_23S_B_F_19, CRW_23S_B_F_33, 421.5, 9927586765
CRW_23S_B_F_19, CRW_23S_B_F_3, 412.75, 10097692278
CRW_23S_B_F_19, CRW_23S_B_F_45, 435.75, 9532019833
CRW_23S_B_F_19, CRW_23S_B_F_46, 446.25, 9937402927
CRW_23S_B_F_19, CRW_23S_B_F_4, 442, 9922435239
CRW_23S_B_F_19, CRW_23S_B_P_10, 647.75, 9969682112
CRW_23S_B_F_19, CRW_23S_B_P_11, 647.25, 9862911293
CRW_23S_B_F_19, CRW_23S_B_P_12, 592.25, 9559669877
CRW_23S_B_F_19, CRW_23S_B_P_1, 611.25, 10392143716
CRW_23S_B_F_19, CRW_23S_B_P_24, 619.25, 10111333519
CRW_23S_B_F_19, CRW_23S_B_P_27, 618.5, 10881332508
CRW_23S_B_F_19, CRW_23S_B_P_28, 767.75, 12999766820
CRW_23S_B_F_19, CRW_23S_B_P_29, 622.5, 10298577215
CRW_23S_B_F_19, CRW_23S_B_P_2, 607, 10729502250
CRW_23S_B_F_19, CRW_23S_B_P_38, 606, 9403221285
CRW_23S_B_F_19, CRW_23S_B_P_39, 603.5, 9299078170
CRW_23S_B_F_19, CRW_23S_B_P_40, 692.25, 10579024500
CRW_23S_B_F_19, CRW_23S_B_P_41, 594.25, 10160177685
CRW_23S_B_F_19, CRW_23S_B_P_43, 799.75, 10802936903
CRW_23S_B_F_19, CRW_23S_B_P_44, 676, 11177933204
CRW_23S_B_F_19, CRW_23S_B_P_5, 776, 11111666038
CRW_23S_B_F_19, CRW_23S_B_P_6, 692.75, 10826309547
CRW_23S_B_F_19, CRW_23S_B_P_7, 826.5, 10965537029
CRW_23S_B_F_19, CRW_23S_B_P_9, 654.25, 10243503202
CRW_23S_B_F_19, CRW_23S_B_S_31, 632.75, 10016816794
CRW_23S_B_F_19, CRW_23S_B_S_50, 664.75, 10873065013
CRW_23S_B_F_19, CRW_23S_B_S_8, 649.75, 11007884420
CRW_23S_B_F_19, CRW_23S_B_T_36, 609.75, 10650528600
CRW_23S_B_F_19, CRW_23S_B_T_37, 583.75, 10650708854
CRW_23S_B_F_19, CRW_23S_B_The_48, , 62495653
CRW_23S_B_F_22, CRW_23S_B_F_23, 400, 9147078149
CRW_23S_B_F_22, CRW_23S_B_F_30, 288.5, 7847224806
CRW_23S_B_F_22, CRW_23S_B_F_32, 246.25, 7663905708
CRW_23S_B_F_22, CRW_23S_B_F_33, 275.5, 7921396041
CRW_23S_B_F_22, CRW_23S_B_F_3, 269.25, 7840620977
CRW_23S_B_F_22, CRW_23S_B_F_45, 270.75, 7668404067
CRW_23S_B_F_22, CRW_23S_B_F_46, 282.5, 7684710000
CRW_23S_B_F_22, CRW_23S_B_F_4, 283, 7867473858
CRW_23S_B_F_22, CRW_23S_B_P_10, 627.25, 10702814533
CRW_23S_B_F_22, CRW_23S_B_P_11, 625.5, 10878030940
CRW_23S_B_F_22, CRW_23S_B_P_12, 583.5, 10414628068
CRW_23S_B_F_22, CRW_23S_B_P_1, 589.5, 9701593667
CRW_23S_B_F_22, CRW_23S_B_P_24, 603, 10455196761
CRW_23S_B_F_22, CRW_23S_B_P_27, 606.25, 10122136139
CRW_23S_B_F_22, CRW_23S_B_P_28, 786.25, 12611826711
CRW_23S_B_F_22, CRW_23S_B_P_29, 614, 10519197193
CRW_23S_B_F_22, CRW_23S_B_P_2, 606.75, 10020971049
CRW_23S_B_F_22, CRW_23S_B_P_38, 588, 10567263004
CRW_23S_B_F_22, CRW_23S_B_P_39, 586.5, 10397637513
CRW_23S_B_F_22, CRW_23S_B_P_40, 679.25, 9938974071
CRW_23S_B_F_22, CRW_23S_B_P_41, 588.5, 9868002727
CRW_23S_B_F_22, CRW_23S_B_P_43, 818, 10218757891
CRW_23S_B_F_22, CRW_23S_B_P_44, 640, 10032972292
CRW_23S_B_F_22, CRW_23S_B_P_5, 783.75, 10507498347
CRW_23S_B_F_22, CRW_23S_B_P_6, 669.75, 9968459207
CRW_23S_B_F_22, CRW_23S_B_P_7, 802.5, 10064355554
CRW_23S_B_F_22, CRW_23S_B_P_9, 624, 10571821679
CRW_23S_B_F_22, CRW_23S_B_S_31, 622.5, 11224632030
CRW_23S_B_F_22, CRW_23S_B_S_50, 646.75, 10170209528
CRW_23S_B_F_22, CRW_23S_B_S_8, 672.25, 10528181384
CRW_23S_B_F_22, CRW_23S_B_T_36, 555.25, 9801233640
CRW_23S_B_F_22, CRW_23S_B_T_37, 536.75, 9730158568
CRW_23S_B_F_22, CRW_23S_B_The_48, , 62643996
CRW_23S_B_F_23, CRW_23S_B_F_30, 423.25, 9705259324
CRW_23S_B_F_23, CRW_23S_B_F_32, 448.5, 9616085367
CRW_23S_B_F_23, CRW_23S_B_F_33, 445, 9724611966
CRW_23S_B_F_23, CRW_23S_B_F_3, 431.5, 9962444802
CRW_23S_B_F_23, CRW_23S_B_F_45, 413.5, 9045913202
CRW_23S_B_F_23, CRW_23S_B_F_46, 427.5, 9328331417
CRW_23S_B_F_23, CRW_23S_B_F_4, 456.25, 9462061911
CRW_23S_B_F_23, CRW_23S_B_P_10, 645, 10739803365
CRW_23S_B_F_23, CRW_23S_B_P_11, 643.5, 10767662645
CRW_23S_B_F_23, CRW_23S_B_P_12, 619.25, 11347526252
CRW_23S_B_F_23, CRW_23S_B_P_1, 597.75, 9977229080
CRW_23S_B_F_23, CRW_23S_B_P_24, 625.25, 11012310573
CRW_23S_B_F_23, CRW_23S_B_P_27, 629, 11103299355
CRW_23S_B_F_23, CRW_23S_B_P_28, 785.5, 12926964707
CRW_23S_B_F_23, CRW_23S_B_P_29, 630.75, 10828321780
CRW_23S_B_F_23, CRW_23S_B_P_2, 618.25, 10105852586
CRW_23S_B_F_23, CRW_23S_B_P_38, 623.5, 10800344373
CRW_23S_B_F_23, CRW_23S_B_P_39, 617.75, 10685066474
CRW_23S_B_F_23, CRW_23S_B_P_40, 711.25, 10533467437
CRW_23S_B_F_23, CRW_23S_B_P_41, 608, 10363181696
CRW_23S_B_F_23, CRW_23S_B_P_43, 798.25, 10165327194
CRW_23S_B_F_23, CRW_23S_B_P_44, 654, 10811230010
CRW_23S_B_F_23, CRW_23S_B_P_5, 760.75, 10836271653
CRW_23S_B_F_23, CRW_23S_B_P_6, 683.5, 10270122641
CRW_23S_B_F_23, CRW_23S_B_P_7, 816.25, 10233592888
CRW_23S_B_F_23, CRW_23S_B_P_9, 655.25, 10691381340
CRW_23S_B_F_23, CRW_23S_B_S_31, 678.75, 10729251886
CRW_23S_B_F_23, CRW_23S_B_S_50, 663, 10394337625
CRW_23S_B_F_23, CRW_23S_B_S_8, 675, 10315616947
CRW_23S_B_F_23, CRW_23S_B_T_36, 514.25, 9995748019
CRW_23S_B_F_23, CRW_23S_B_T_37, 512.5, 9749800593
CRW_23S_B_F_23, CRW_23S_B_The_48, , 78940795
CRW_23S_B_F_30, CRW_23S_B_F_32, 361, 8430598836
CRW_23S_B_F_30, CRW_23S_B_F_33, 364.25, 8519973076
CRW_23S_B_F_30, CRW_23S_B_F_3, 362.5, 8599721325
CRW_23S_B_F_30, CRW_23S_B_F_45, 349, 7979642806
CRW_23S_B_F_30, CRW_23S_B_F_46, 369.25, 8551719619
CRW_23S_B_F_30, CRW_23S_B_F_4, 377.5, 8202736154
CRW_23S_B_F_30, CRW_23S_B_P_10, 668.25, 10717647933
CRW_23S_B_F_30, CRW_23S_B_P_11, 646.25, 10989029981
CRW_23S_B_F_30, CRW_23S_B_P_12, 558.5, 10420471693
CRW_23S_B_F_30, CRW_23S_B_P_1, 588.25, 9458389077
CRW_23S_B_F_30, CRW_23S_B_P_24, 608.75, 10334475782
CRW_23S_B_F_30, CRW_23S_B_P_27, 611.25, 9993641962
CRW_23S_B_F_30, CRW_23S_B_P_28, 751.75, 12253216938
CRW_23S_B_F_30, CRW_23S_B_P_29, 614.25, 10458262656
CRW_23S_B_F_30, CRW_23S_B_P_2, 603, 9659330634
CRW_23S_B_F_30, CRW_23S_B_P_38, 589.5, 10290104191
CRW_23S_B_F_30, CRW_23S_B_P_39, 581.5, 10093201404
CRW_23S_B_F_30, CRW_23S_B_P_40, 673.5, 10009997424
CRW_23S_B_F_30, CRW_23S_B_P_41, 618.25, 10248946862
CRW_23S_B_F_30, CRW_23S_B_P_43, 823, 10489369172
CRW_23S_B_F_30, CRW_23S_B_P_44, 652.25, 10176114434
CRW_23S_B_F_30, CRW_23S_B_P_5, 815.5, 10463465242
CRW_23S_B_F_30, CRW_23S_B_P_6, 715.25, 10398047993
CRW_23S_B_F_30, CRW_23S_B_P_7, 829, 10477294524
CRW_23S_B_F_30, CRW_23S_B_P_9, 642.25, 10809582913
CRW_23S_B_F_30, CRW_23S_B_S_31, 613, 10645940176
CRW_23S_B_F_30, CRW_23S_B_S_50, 657.25, 10596306489
CRW_23S_B_F_30, CRW_23S_B_S_8, 615.75, 9794173633
CRW_23S_B_F_30, CRW_23S_B_T_36, 563.25, 9660201916
CRW_23S_B_F_30, CRW_23S_B_T_37, 545.5, 9325599830
CRW_23S_B_F_30, CRW_23S_B_The_48, , 61519900
CRW_23S_B_F_32, CRW_23S_B_F_33, 225.5, 7646227625
CRW_23S_B_F_32, CRW_23S_B_F_3, 257, 7774520081
CRW_23S_B_F_32, CRW_23S_B_F_45, 256.75, 7679194445
CRW_23S_B_F_32, CRW_23S_B_F_46, 260.5, 7842951447
CRW_23S_B_F_32, CRW_23S_B_F_4, 235.25, 7759195887
CRW_23S_B_F_32, CRW_23S_B_P_10, 669.5, 11101727791
CRW_23S_B_F_32, CRW_23S_B_P_11, 667.75, 11138336755
CRW_23S_B_F_32, CRW_23S_B_P_12, 595.25, 10969731777
CRW_23S_B_F_32, CRW_23S_B_P_1, 661, 9999113967
CRW_23S_B_F_32, CRW_23S_B_P_24, 624.25, 11047064688
CRW_23S_B_F_32, CRW_23S_B_P_27, 650.5, 10554668378
CRW_23S_B_F_32, CRW_23S_B_P_28, 802.75, 12592814458
CRW_23S_B_F_32, CRW_23S_B_P_29, 634.25, 10740862882
CRW_23S_B_F_32, CRW_23S_B_P_2, 659, 10352752542
CRW_23S_B_F_32, CRW_23S_B_P_38, 624.5, 10882668332
CRW_23S_B_F_32, CRW_23S_B_P_39, 617.5, 10936823908
CRW_23S_B_F_32, CRW_23S_B_P_40, 707.25, 10418984791
CRW_23S_B_F_32, CRW_23S_B_P_41, 639, 9856942926
CRW_23S_B_F_32, CRW_23S_B_P_43, 858, 10445671828
CRW_23S_B_F_32, CRW_23S_B_P_44, 681.5, 10281698696
CRW_23S_B_F_32, CRW_23S_B_P_5, 811, 11446009764
CRW_23S_B_F_32, CRW_23S_B_P_6, 719.25, 10583881191
CRW_23S_B_F_32, CRW_23S_B_P_7, 844.75, 10526760127
CRW_23S_B_F_32, CRW_23S_B_P_9, 656.75, 10866527018
CRW_23S_B_F_32, CRW_23S_B_S_31, 610.25, 11379449482
CRW_23S_B_F_32, CRW_23S_B_S_50, 674, 10636391613
CRW_23S_B_F_32, CRW_23S_B_S_8, 627.5, 10192541926
CRW_23S_B_F_32, CRW_23S_B_T_36, 591.25, 10276374027
CRW_23S_B_F_32, CRW_23S_B_T_37, 577.25, 9619648199
CRW_23S_B_F_32, CRW_23S_B_The_48, , 63212662
CRW_23S_B_F_33, CRW_23S_B_F_3, 238, 7805790633
CRW_23S_B_F_33, CRW_23S_B_F_45, 239.75, 7615472938
CRW_23S_B_F_33, CRW_23S_B_F_46, 245.25, 7700529072
CRW_23S_B_F_33, CRW_23S_B_F_4, 215.25, 7561072345
CRW_23S_B_F_33, CRW_23S_B_P_10, 653.75, 10852537876
CRW_23S_B_F_33, CRW_23S_B_P_11, 632, 10692694174
CRW_23S_B_F_33, CRW_23S_B_P_12, 578.25, 10365640426
CRW_23S_B_F_33, CRW_23S_B_P_1, 628.75, 9731349416
CRW_23S_B_F_33, CRW_23S_B_P_24, 593.5, 10720878731
CRW_23S_B_F_33, CRW_23S_B_P_27, 618.5, 10425507064
CRW_23S_B_F_33, CRW_23S_B_P_28, 780.75, 12466897580
CRW_23S_B_F_33, CRW_23S_B_P_29, 604.25, 10509066722
CRW_23S_B_F_33, CRW_23S_B_P_2, 620.75, 10095938325
CRW_23S_B_F_33, CRW_23S_B_P_38, 588, 10506549892
CRW_23S_B_F_33, CRW_23S_B_P_39, 582, 10448029376
CRW_23S_B_F_33, CRW_23S_B_P_40, 679.75, 10429902773
CRW_23S_B_F_33, CRW_23S_B_P_41, 607.75, 10282814962
CRW_23S_B_F_33, CRW_23S_B_P_43, 819.25, 10365149418
CRW_23S_B_F_33, CRW_23S_B_P_44, 681.75, 10512207912
CRW_23S_B_F_33, CRW_23S_B_P_5, 807.5, 10654458388
CRW_23S_B_F_33, CRW_23S_B_P_6, 680.25, 10252641512
CRW_23S_B_F_33, CRW_23S_B_P_7, 809.25, 10336546853
CRW_23S_B_F_33, CRW_23S_B_P_9, 622, 11077642185
CRW_23S_B_F_33, CRW_23S_B_S_31, 600, 11617777211
CRW_23S_B_F_33, CRW_23S_B_S_50, 670, 10674745788
CRW_23S_B_F_33, CRW_23S_B_S_8, 631.25, 10495185601
CRW_23S_B_F_33, CRW_23S_B_T_36, 585.25, 9720912880
CRW_23S_B_F_33, CRW_23S_B_T_37, 552.25, 9660847892
CRW_23S_B_F_33, CRW_23S_B_The_48, , 63494893
CRW_23S_B_F_3, CRW_23S_B_F_45, 247.25, 7772717669
CRW_23S_B_F_3, CRW_23S_B_F_46, 273.75, 7968905888
CRW_23S_B_F_3, CRW_23S_B_F_4, 215.75, 7576119896
CRW_23S_B_F_3, CRW_23S_B_P_10, 660.25, 11072992582
CRW_23S_B_F_3, CRW_23S_B_P_11, 661, 10999775924
CRW_23S_B_F_3, CRW_23S_B_P_12, 589.25, 11072281544
CRW_23S_B_F_3, CRW_23S_B_P_1, 636.75, 10146228887
CRW_23S_B_F_3, CRW_23S_B_P_24, 619.75, 10917536025
CRW_23S_B_F_3, CRW_23S_B_P_27, 649.75, 10609334256
CRW_23S_B_F_3, CRW_23S_B_P_28, 772.75, 12998709242
CRW_23S_B_F_3, CRW_23S_B_P_29, 623.25, 10892554291
CRW_23S_B_F_3, CRW_23S_B_P_2, 640, 10291213596
CRW_23S_B_F_3, CRW_23S_B_P_38, 617.5, 10802612738
CRW_23S_B_F_3, CRW_23S_B_P_39, 611.25, 10731041860
CRW_23S_B_F_3, CRW_23S_B_P_40, 704.75, 10450709987
CRW_23S_B_F_3, CRW_23S_B_P_41, 614.25, 10139636118
CRW_23S_B_F_3, CRW_23S_B_P_43, 819.25, 11002330591
CRW_23S_B_F_3, CRW_23S_B_P_44, 691.25, 10720983274
CRW_23S_B_F_3, CRW_23S_B_P_5, 802.25, 10971467295
CRW_23S_B_F_3, CRW_23S_B_P_6, 714.75, 10571989127
CRW_23S_B_F_3, CRW_23S_B_P_7, 827, 10722876046
CRW_23S_B_F_3, CRW_23S_B_P_9, 652, 10990002126
CRW_23S_B_F_3, CRW_23S_B_S_31, 610, 11355239426
CRW_23S_B_F_3, CRW_23S_B_S_50, 629, 10664090101
CRW_23S_B_F_3, CRW_23S_B_S_8, 615.75, 10323770704
CRW_23S_B_F_3, CRW_23S_B_T_36, 585.5, 10228006772
CRW_23S_B_F_3, CRW_23S_B_T_37, 567.25, 10121546728
CRW_23S_B_F_3, CRW_23S_B_The_48, , 64652557
CRW_23S_B_F_45, CRW_23S_B_F_46, 90.5, 6067662092
CRW_23S_B_F_45, CRW_23S_B_F_4, 263.25, 7378921838
CRW_23S_B_F_45, CRW_23S_B_P_10, 651.5, 10691797074
CRW_23S_B_F_45, CRW_23S_B_P_11, 650.75, 10778995986
CRW_23S_B_F_45, CRW_23S_B_P_12, 565.5, 10506504927
CRW_23S_B_F_45, CRW_23S_B_P_1, 591, 9460793156
CRW_23S_B_F_45, CRW_23S_B_P_24, 604.25, 10858591015
CRW_23S_B_F_45, CRW_23S_B_P_27, 626, 10263486515
CRW_23S_B_F_45, CRW_23S_B_P_28, 766, 12494651696
CRW_23S_B_F_45, CRW_23S_B_P_29, 610.25, 10664865754
CRW_23S_B_F_45, CRW_23S_B_P_2, 630.25, 9876067609
CRW_23S_B_F_45, CRW_23S_B_P_38, 589.5, 10154801308
CRW_23S_B_F_45, CRW_23S_B_P_39, 583.75, 10092658318
CRW_23S_B_F_45, CRW_23S_B_P_40, 683.25, 9899099039
CRW_23S_B_F_45, CRW_23S_B_P_41, 598.5, 10055942741
CRW_23S_B_F_45, CRW_23S_B_P_43, 811, 10780070461
CRW_23S_B_F_45, CRW_23S_B_P_44, 665.75, 10191650143
CRW_23S_B_F_45, CRW_23S_B_P_5, 805.75, 10704194847
CRW_23S_B_F_45, CRW_23S_B_P_6, 712.25, 10224809853
CRW_23S_B_F_45, CRW_23S_B_P_7, 818, 10367895950
CRW_23S_B_F_45, CRW_23S_B_P_9, 629.75, 10492801394
CRW_23S_B_F_45, CRW_23S_B_S_31, 589.5, 10986622020
CRW_23S_B_F_45, CRW_23S_B_S_50, 671.25, 10777530065
CRW_23S_B_F_45, CRW_23S_B_S_8, 606.25, 10198591311
CRW_23S_B_F_45, CRW_23S_B_T_36, 564, 9768441893
CRW_23S_B_F_45, CRW_23S_B_T_37, 540.25, 9231875180
CRW_23S_B_F_45, CRW_23S_B_The_48, , 63156365
CRW_23S_B_F_46, CRW_23S_B_F_4, 270.5, 7540556193
CRW_23S_B_F_46, CRW_23S_B_P_10, 649.75, 10930407385
CRW_23S_B_F_46, CRW_23S_B_P_11, 646.5, 10976629997
CRW_23S_B_F_46, CRW_23S_B_P_12, 565.25, 10882585091
CRW_23S_B_F_46, CRW_23S_B_P_1, 599, 9769820109
CRW_23S_B_F_46, CRW_23S_B_P_24, 601, 10535382208
CRW_23S_B_F_46, CRW_23S_B_P_27, 636.25, 10241058637
CRW_23S_B_F_46, CRW_23S_B_P_28, 771.75, 12494825363
CRW_23S_B_F_46, CRW_23S_B_P_29, 603, 10558925947
CRW_23S_B_F_46, CRW_23S_B_P_2, 632.75, 10104688403
CRW_23S_B_F_46, CRW_23S_B_P_38, 594.75, 10288676219
CRW_23S_B_F_46, CRW_23S_B_P_39, 589.5, 10488213854
CRW_23S_B_F_46, CRW_23S_B_P_40, 689, 10087656894
CRW_23S_B_F_46, CRW_23S_B_P_41, 605.25, 9772920093
CRW_23S_B_F_46, CRW_23S_B_P_43, 819, 10316930935
CRW_23S_B_F_46, CRW_23S_B_P_44, 664.75, 10032101535
CRW_23S_B_F_46, CRW_23S_B_P_5, 809.25, 10671852233
CRW_23S_B_F_46, CRW_23S_B_P_6, 681.75, 10311941908
CRW_23S_B_F_46, CRW_23S_B_P_7, 808.25, 10340905233
CRW_23S_B_F_46, CRW_23S_B_P_9, 638, 10642603595
CRW_23S_B_F_46, CRW_23S_B_S_31, 599.5, 11065611767
CRW_23S_B_F_46, CRW_23S_B_S_50, 616.5, 10345603224
CRW_23S_B_F_46, CRW_23S_B_S_8, 614.5, 10022856684
CRW_23S_B_F_46, CRW_23S_B_T_36, 575.5, 9727561182
CRW_23S_B_F_46, CRW_23S_B_T_37, 555.75, 9435738720
CRW_23S_B_F_46, CRW_23S_B_The_48, , 72451662
CRW_23S_B_F_4, CRW_23S_B_P_10, 646.5, 10764664755
CRW_23S_B_F_4, CRW_23S_B_P_11, 644.75, 10769244409
CRW_23S_B_F_4, CRW_23S_B_P_12, 589.5, 10623596232
CRW_23S_B_F_4, CRW_23S_B_P_1, 606.75, 9764455503
CRW_23S_B_F_4, CRW_23S_B_P_24, 599.5, 10511249593
CRW_23S_B_F_4, CRW_23S_B_P_27, 633, 10253799719
CRW_23S_B_F_4, CRW_23S_B_P_28, 785.5, 12495363340
CRW_23S_B_F_4, CRW_23S_B_P_29, 605.5, 10323188165
CRW_23S_B_F_4, CRW_23S_B_P_2, 623.5, 10008737050
CRW_23S_B_F_4, CRW_23S_B_P_38, 592, 10193247365
CRW_23S_B_F_4, CRW_23S_B_P_39, 590, 10247918747
CRW_23S_B_F_4, CRW_23S_B_P_40, 686.5, 10522051670
CRW_23S_B_F_4, CRW_23S_B_P_41, 591.5, 9706551103
CRW_23S_B_F_4, CRW_23S_B_P_43, 833.75, 10666765154
CRW_23S_B_F_4, CRW_23S_B_P_44, 674.5, 10466764943
CRW_23S_B_F_4, CRW_23S_B_P_5, 817.25, 10722628336
CRW_23S_B_F_4, CRW_23S_B_P_6, 690.75, 10364257509
CRW_23S_B_F_4, CRW_23S_B_P_7, 819.5, 10416539713
CRW_23S_B_F_4, CRW_23S_B_P_9, 625, 10487354548
CRW_23S_B_F_4, CRW_23S_B_S_31, 590.5, 10889152240
CRW_23S_B_F_4, CRW_23S_B_S_50, 673.25, 10450242108
CRW_23S_B_F_4, CRW_23S_B_S_8, 629.75, 10079079097
CRW_23S_B_F_4, CRW_23S_B_T_36, 592.25, 10001143955
CRW_23S_B_F_4, CRW_23S_B_T_37, 576, 9830322030
CRW_23S_B_F_4, CRW_23S_B_The_48, , 63812323
CRW_23S_B_P_10, CRW_23S_B_P_11, 5.5, 4575337949
CRW_23S_B_P_10, CRW_23S_B_P_12, 629.25, 9815206611
CRW_23S_B_P_10, CRW_23S_B_P_1, 396, 9644114757
CRW_23S_B_P_10, CRW_23S_B_P_24, 411.25, 8979541294
CRW_23S_B_P_10, CRW_23S_B_P_27, 430.5, 10314747985
CRW_23S_B_P_10, CRW_23S_B_P_28, 874.25, 14193027182
CRW_23S_B_P_10, CRW_23S_B_P_29, 403.5, 8808080866
CRW_23S_B_P_10, CRW_23S_B_P_2, 405.25, 9737926138
CRW_23S_B_P_10, CRW_23S_B_P_38, 310.5, 8037209983
CRW_23S_B_P_10, CRW_23S_B_P_39, 308.5, 7885575932
CRW_23S_B_P_10, CRW_23S_B_P_40, 515, 10228366466
CRW_23S_B_P_10, CRW_23S_B_P_41, 374, 9409054745
CRW_23S_B_P_10, CRW_23S_B_P_43, 707, 10763472283
CRW_23S_B_P_10, CRW_23S_B_P_44, 497, 9980005807
CRW_23S_B_P_10, CRW_23S_B_P_5, 655.75, 10547932626
CRW_23S_B_P_10, CRW_23S_B_P_6, 258.75, 8004806068
CRW_23S_B_P_10, CRW_23S_B_P_7, 386.75, 8392175310
CRW_23S_B_P_10, CRW_23S_B_P_9, 58, 4973363035
CRW_23S_B_P_10, CRW_23S_B_S_31, 712.5, 10136626007
CRW_23S_B_P_10, CRW_23S_B_S_50, 680.5, 11304891807
CRW_23S_B_P_10, CRW_23S_B_S_8, 746.5, 11371435812
CRW_23S_B_P_10, CRW_23S_B_T_36, 715.25, 11384219941
CRW_23S_B_P_10, CRW_23S_B_T_37, 730.5, 11735501273
CRW_23S_B_P_10, CRW_23S_B_The_48, , 63755658
CRW_23S_B_P_11, CRW_23S_B_P_12, 630.25, 9905581434
CRW_23S_B_P_11, CRW_23S_B_P_1, 395, 9512336716
CRW_23S_B_P_11, CRW_23S_B_P_24, 413, 8820087809
CRW_23S_B_P_11, CRW_23S_B_P_27, 433, 10249840110
CRW_23S_B_P_11, CRW_23S_B_P_28, 875.25, 14023586269
CRW_23S_B_P_11, CRW_23S_B_P_29, 418.75, 9064140344
CRW_23S_B_P_11, CRW_23S_B_P_2, 405.75, 9846716106
CRW_23S_B_P_11, CRW_23S_B_P_38, 309, 7890981841
CRW_23S_B_P_11, CRW_23S_B_P_39, 307, 7722415474
CRW_23S_B_P_11, CRW_23S_B_P_40, 517, 10312334955
CRW_23S_B_P_11, CRW_23S_B_P_41, 375, 9501526895
CRW_23S_B_P_11, CRW_23S_B_P_43, 707, 10790490509
CRW_23S_B_P_11, CRW_23S_B_P_44, 497.75, 10033089619
CRW_23S_B_P_11, CRW_23S_B_P_5, 656.25, 10620251301
CRW_23S_B_P_11, CRW_23S_B_P_6, 255.75, 8176723812
CRW_23S_B_P_11, CRW_23S_B_P_7, 383.75, 8344030561
CRW_23S_B_P_11, CRW_23S_B_P_9, 60.75, 5099914701
CRW_23S_B_P_11, CRW_23S_B_S_31, 708, 10238796393
CRW_23S_B_P_11, CRW_23S_B_S_50, 678.75, 11369231900
CRW_23S_B_P_11, CRW_23S_B_S_8, 746.5, 11344556121
CRW_23S_B_P_11, CRW_23S_B_T_36, 713.25, 11662790676
CRW_23S_B_P_11, CRW_23S_B_T_37, 731.5, 11664433574
CRW_23S_B_P_11, CRW_23S_B_The_48, , 63424504
CRW_23S_B_P_12, CRW_23S_B_P_1, 584.25, 10465025787
CRW_23S_B_P_12, CRW_23S_B_P_24, 621.25, 10232462541
CRW_23S_B_P_12, CRW_23S_B_P_27, 613.75, 11232173455
CRW_23S_B_P_12, CRW_23S_B_P_28, 532, 12068788512
CRW_23S_B_P_12, CRW_23S_B_P_29, 633.25, 10052335462
CRW_23S_B_P_12, CRW_23S_B_P_2, 607.5, 10761572788
CRW_23S_B_P_12, CRW_23S_B_P_38, 623, 9458034664
CRW_23S_B_P_12, CRW_23S_B_P_39, 613.5, 9259294085
CRW_23S_B_P_12, CRW_23S_B_P_40, 710.75, 11459594003
CRW_23S_B_P_12, CRW_23S_B_P_41, 587.25, 10484665596
CRW_23S_B_P_12, CRW_23S_B_P_43, 802.5, 11312624434
CRW_23S_B_P_12, CRW_23S_B_P_44, 642.25, 10923734278
CRW_23S_B_P_12, CRW_23S_B_P_5, 759.5, 11443178542
CRW_23S_B_P_12, CRW_23S_B_P_6, 711.25, 11161287709
CRW_23S_B_P_12, CRW_23S_B_P_7, 838, 11108406549
CRW_23S_B_P_12, CRW_23S_B_P_9, 630.75, 9862315583
CRW_23S_B_P_12, CRW_23S_B_S_31, 657.5, 9958283674
CRW_23S_B_P_12, CRW_23S_B_S_50, 725.5, 11192218638
CRW_23S_B_P_12, CRW_23S_B_S_8, 674, 10950816277
CRW_23S_B_P_12, CRW_23S_B_T_36, 658, 10777539261
CRW_23S_B_P_12, CRW_23S_B_T_37, 635, 11031469340
CRW_23S_B_P_12, CRW_23S_B_The_48, , 60644882
CRW_23S_B_P_1, CRW_23S_B_P_24, 356.75, 9123274015
CRW_23S_B_P_1, CRW_23S_B_P_27, 390.5, 9075775931
CRW_23S_B_P_1, CRW_23S_B_P_28, 838, 12869063499
CRW_23S_B_P_1, CRW_23S_B_P_29, 357.25, 8869668739
CRW_23S_B_P_1, CRW_23S_B_P_2, 303.5, 8183415438
CRW_23S_B_P_1, CRW_23S_B_P_38, 385.25, 9203595895
CRW_23S_B_P_1, CRW_23S_B_P_39, 381.25, 9308807397
CRW_23S_B_P_1, CRW_23S_B_P_40, 428, 8797158522
CRW_23S_B_P_1, CRW_23S_B_P_41, 272.5, 7894687036
CRW_23S_B_P_1, CRW_23S_B_P_43, 713.75, 10243772196
CRW_23S_B_P_1, CRW_23S_B_P_44, 429, 9217158871
CRW_23S_B_P_1, CRW_23S_B_P_5, 651.25, 10297238072
CRW_23S_B_P_1, CRW_23S_B_P_6, 434, 9139271877
CRW_23S_B_P_1, CRW_23S_B_P_7, 571.75, 9293507193
CRW_23S_B_P_1, CRW_23S_B_P_9, 415.75, 9479025188
CRW_23S_B_P_1, CRW_23S_B_S_31, 677, 11160468798
CRW_23S_B_P_1, CRW_23S_B_S_50, 686, 10386551621
CRW_23S_B_P_1, CRW_23S_B_S_8, 721, 9925818098
CRW_23S_B_P_1, CRW_23S_B_T_36, 674.25, 10124837752
CRW_23S_B_P_1, CRW_23S_B_T_37, 679, 10018565094
CRW_23S_B_P_1, CRW_23S_B_The_48, , 60813857
CRW_23S_B_P_24, CRW_23S_B_P_27, 279, 8818337286
CRW_23S_B_P_24, CRW_23S_B_P_28, 845.5, 13668954993
CRW_23S_B_P_24, CRW_23S_B_P_29, 57, 5344161844
CRW_23S_B_P_24, CRW_23S_B_P_2, 240.75, 8761398630
CRW_23S_B_P_24, CRW_23S_B_P_38, 375, 8333222055
CRW_23S_B_P_24, CRW_23S_B_P_39, 374.25, 8474453671
CRW_23S_B_P_24, CRW_23S_B_P_40, 275.25, 8356037877
CRW_23S_B_P_24, CRW_23S_B_P_41, 327, 9285738384
CRW_23S_B_P_24, CRW_23S_B_P_43, 723.25, 11013363742
CRW_23S_B_P_24, CRW_23S_B_P_44, 412.25, 9985733815
CRW_23S_B_P_24, CRW_23S_B_P_5, 672.75, 11091730552
CRW_23S_B_P_24, CRW_23S_B_P_6, 461.5, 10451849207
CRW_23S_B_P_24, CRW_23S_B_P_7, 590.5, 10056088570
CRW_23S_B_P_24, CRW_23S_B_P_9, 413.5, 8928253906
CRW_23S_B_P_24, CRW_23S_B_S_31, 694.5, 10339500459
CRW_23S_B_P_24, CRW_23S_B_S_50, 662.5, 11154054313
CRW_23S_B_P_24, CRW_23S_B_S_8, 711.25, 11169025659
CRW_23S_B_P_24, CRW_23S_B_T_36, 684, 11340856477
CRW_23S_B_P_24, CRW_23S_B_T_37, 681, 11129301546
CRW_23S_B_P_24, CRW_23S_B_The_48, , 60789350
CRW_23S_B_P_27, CRW_23S_B_P_28, 885.5, 13452227147
CRW_23S_B_P_27, CRW_23S_B_P_29, 277.25, 8768712061
CRW_23S_B_P_27, CRW_23S_B_P_2, 316.75, 8937836022
CRW_23S_B_P_27, CRW_23S_B_P_38, 364.25, 9681230717
CRW_23S_B_P_27, CRW_23S_B_P_39, 355.5, 9722534668
CRW_23S_B_P_27, CRW_23S_B_P_40, 355.5, 9018055404
CRW_23S_B_P_27, CRW_23S_B_P_41, 367.5, 8939930493
CRW_23S_B_P_27, CRW_23S_B_P_43, 759.75, 10626638657
CRW_23S_B_P_27, CRW_23S_B_P_44, 414, 9977307672
CRW_23S_B_P_27, CRW_23S_B_P_5, 704.25, 10318832181
CRW_23S_B_P_27, CRW_23S_B_P_6, 484.5, 9978391334
CRW_23S_B_P_27, CRW_23S_B_P_7, 611, 10116150050
CRW_23S_B_P_27, CRW_23S_B_P_9, 437, 10501349152
CRW_23S_B_P_27, CRW_23S_B_S_31, 747.5, 11752195447
CRW_23S_B_P_27, CRW_23S_B_S_50, 708.25, 11303281740
CRW_23S_B_P_27, CRW_23S_B_S_8, 724.5, 11022107282
CRW_23S_B_P_27, CRW_23S_B_T_36, 676.25, 10510016536
CRW_23S_B_P_27, CRW_23S_B_T_37, 693, 10574471812
CRW_23S_B_P_27, CRW_23S_B_The_48, , 68897328
CRW_23S_B_P_28, CRW_23S_B_P_29, 857.75, 13363183201
CRW_23S_B_P_28, CRW_23S_B_P_2, 834.25, 12660999739
CRW_23S_B_P_28, CRW_23S_B_P_38, 846.5, 13201731797
CRW_23S_B_P_28, CRW_23S_B_P_39, 844.75, 13038631827
CRW_23S_B_P_28, CRW_23S_B_P_40, 918.25, 12761341821
CRW_23S_B_P_28, CRW_23S_B_P_41, 817.75, 12656561504
CRW_23S_B_P_28, CRW_23S_B_P_43, 1008.25, 13125427038
CRW_23S_B_P_28, CRW_23S_B_P_44, 869, 12631010718
CRW_23S_B_P_28, CRW_23S_B_P_5, 967, 13066667392
CRW_23S_B_P_28, CRW_23S_B_P_6, 896.25, 13239090175
CRW_23S_B_P_28, CRW_23S_B_P_7, 1024.5, 13113088503
CRW_23S_B_P_28, CRW_23S_B_P_9, 842.75, 13407586268
CRW_23S_B_P_28, CRW_23S_B_S_31, 836.5, 13312988944
CRW_23S_B_P_28, CRW_23S_B_S_50, 893, 12629664893
CRW_23S_B_P_28, CRW_23S_B_S_8, 788.25, 13350827869
CRW_23S_B_P_28, CRW_23S_B_T_36, 854.5, 12606781191
CRW_23S_B_P_28, CRW_23S_B_T_37, 827.75, 12196880084
CRW_23S_B_P_28, CRW_23S_B_The_48, , 67922175
CRW_23S_B_P_29, CRW_23S_B_P_2, 246.5, 8413930807
CRW_23S_B_P_29, CRW_23S_B_P_38, 372.75, 8581231784
CRW_23S_B_P_29, CRW_23S_B_P_39, 372.25, 8674249484
CRW_23S_B_P_29, CRW_23S_B_P_40, 276.75, 8364500880
CRW_23S_B_P_29, CRW_23S_B_P_41, 325.25, 9030624306
CRW_23S_B_P_29, CRW_23S_B_P_43, 727.25, 10956915709
CRW_23S_B_P_29, CRW_23S_B_P_44, 413.75, 9562678924
CRW_23S_B_P_29, CRW_23S_B_P_5, 692, 11049277373
CRW_23S_B_P_29, CRW_23S_B_P_6, 455.5, 10118386658
CRW_23S_B_P_29, CRW_23S_B_P_7, 579.25, 10063024635
CRW_23S_B_P_29, CRW_23S_B_P_9, 409.25, 8816298183
CRW_23S_B_P_29, CRW_23S_B_S_31, 700, 10320067481
CRW_23S_B_P_29, CRW_23S_B_S_50, 675.75, 11037482197
CRW_23S_B_P_29, CRW_23S_B_S_8, 715, 11358522680
CRW_23S_B_P_29, CRW_23S_B_T_36, 690.5, 11164503068
CRW_23S_B_P_29, CRW_23S_B_T_37, 696, 10916033022
CRW_23S_B_P_29, CRW_23S_B_The_48, , 63054893
CRW_23S_B_P_2, CRW_23S_B_P_38, 368.5, 9221792717
CRW_23S_B_P_2, CRW_23S_B_P_39, 370.25, 9175821840
CRW_23S_B_P_2, CRW_23S_B_P_40, 338.25, 8203606439
CRW_23S_B_P_2, CRW_23S_B_P_41, 298, 8393811939
CRW_23S_B_P_2, CRW_23S_B_P_43, 698.25, 10325692586
CRW_23S_B_P_2, CRW_23S_B_P_44, 382.75, 8523496741
CRW_23S_B_P_2, CRW_23S_B_P_5, 655, 10444511822
CRW_23S_B_P_2, CRW_23S_B_P_6, 452.25, 8982668815
CRW_23S_B_P_2, CRW_23S_B_P_7, 575.5, 9366440393
CRW_23S_B_P_2, CRW_23S_B_P_9, 403.75, 9657966194
CRW_23S_B_P_2, CRW_23S_B_S_31, 675.75, 11135813569
CRW_23S_B_P_2, CRW_23S_B_S_50, 676, 10780135908
CRW_23S_B_P_2, CRW_23S_B_S_8, 701, 10291826529
CRW_23S_B_P_2, CRW_23S_B_T_36, 689, 10389501802
CRW_23S_B_P_2, CRW_23S_B_T_37, 703.75, 10510489524
CRW_23S_B_P_2, CRW_23S_B_The_48, , 63231355
CRW_23S_B_P_38, CRW_23S_B_P_39, 23.5, 4711482833
CRW_23S_B_P_38, CRW_23S_B_P_40, 467.75, 9683150394
CRW_23S_B_P_38, CRW_23S_B_P_41, 382.5, 8921291735
CRW_23S_B_P_38, CRW_23S_B_P_43, 713, 10634739199
CRW_23S_B_P_38, CRW_23S_B_P_44, 478, 10006998150
CRW_23S_B_P_38, CRW_23S_B_P_5, 702, 10660705770
CRW_23S_B_P_38, CRW_23S_B_P_6, 380.5, 9170020051
CRW_23S_B_P_38, CRW_23S_B_P_7, 516, 9386875758
CRW_23S_B_P_38, CRW_23S_B_P_9, 310.75, 7861434108
CRW_23S_B_P_38, CRW_23S_B_S_31, 692, 10190079285
CRW_23S_B_P_38, CRW_23S_B_S_50, 651, 11065245387
CRW_23S_B_P_38, CRW_23S_B_S_8, 705, 11577234781
CRW_23S_B_P_38, CRW_23S_B_T_36, 686.5, 11153070974
CRW_23S_B_P_38, CRW_23S_B_T_37, 683, 10875893561
CRW_23S_B_P_38, CRW_23S_B_The_48, , 63392338
CRW_23S_B_P_39, CRW_23S_B_P_40, 465.75, 9662938582
CRW_23S_B_P_39, CRW_23S_B_P_41, 383.5, 9437645297
CRW_23S_B_P_39, CRW_23S_B_P_43, 708.5, 10301432008
CRW_23S_B_P_39, CRW_23S_B_P_44, 478.75, 9902703782
CRW_23S_B_P_39, CRW_23S_B_P_5, 696.5, 10871811140
CRW_23S_B_P_39, CRW_23S_B_P_6, 378.25, 9389458227
CRW_23S_B_P_39, CRW_23S_B_P_7, 512.5, 9399814642
CRW_23S_B_P_39, CRW_23S_B_P_9, 310.25, 7807962543
CRW_23S_B_P_39, CRW_23S_B_S_31, 693, 10068197012
CRW_23S_B_P_39, CRW_23S_B_S_50, 651, 11527648681
CRW_23S_B_P_39, CRW_23S_B_S_8, 697.25, 11108373755
CRW_23S_B_P_39, CRW_23S_B_T_36, 680, 11217618242
CRW_23S_B_P_39, CRW_23S_B_T_37, 677.5, 10850834113
CRW_23S_B_P_39, CRW_23S_B_The_48, , 64566671
CRW_23S_B_P_40, CRW_23S_B_P_41, 414.25, 9173197364
CRW_23S_B_P_40, CRW_23S_B_P_43, 811.25, 10739617342
CRW_23S_B_P_40, CRW_23S_B_P_44, 497.25, 9866689693
CRW_23S_B_P_40, CRW_23S_B_P_5, 753.5, 11014232766
CRW_23S_B_P_40, CRW_23S_B_P_6, 571.75, 9518247315
CRW_23S_B_P_40, CRW_23S_B_P_7, 693, 9577867625
CRW_23S_B_P_40, CRW_23S_B_P_9, 526, 10506676995
CRW_23S_B_P_40, CRW_23S_B_S_31, 777.25, 11668978864
CRW_23S_B_P_40, CRW_23S_B_S_50, 742, 11043505163
CRW_23S_B_P_40, CRW_23S_B_S_8, 790, 11305936133
CRW_23S_B_P_40, CRW_23S_B_T_36, 764.5, 10573403199
CRW_23S_B_P_40, CRW_23S_B_T_37, 751, 10356516936
CRW_23S_B_P_40, CRW_23S_B_The_48, , 65670176
CRW_23S_B_P_41, CRW_23S_B_P_43, 688.25, 10039464471
CRW_23S_B_P_41, CRW_23S_B_P_44, 426.75, 9516870433
CRW_23S_B_P_41, CRW_23S_B_P_5, 625.25, 10049326144
CRW_23S_B_P_41, CRW_23S_B_P_6, 427.5, 9075833051
CRW_23S_B_P_41, CRW_23S_B_P_7, 564.5, 9172775227
CRW_23S_B_P_41, CRW_23S_B_P_9, 395.75, 9732432078
CRW_23S_B_P_41, CRW_23S_B_S_31, 665.75, 10942541268
CRW_23S_B_P_41, CRW_23S_B_S_50, 665, 10641799446
CRW_23S_B_P_41, CRW_23S_B_S_8, 682.25, 9958013409
CRW_23S_B_P_41, CRW_23S_B_T_36, 677.75, 10185214517
CRW_23S_B_P_41, CRW_23S_B_T_37, 679.25, 10389367005
CRW_23S_B_P_41, CRW_23S_B_The_48, , 63522657
CRW_23S_B_P_43, CRW_23S_B_P_44, 752.5, 10253563625
CRW_23S_B_P_43, CRW_23S_B_P_5, 446.5, 9568983233
CRW_23S_B_P_43, CRW_23S_B_P_6, 744.25, 9696472164
CRW_23S_B_P_43, CRW_23S_B_P_7, 872.25, 9744132862
CRW_23S_B_P_43, CRW_23S_B_P_9, 715.5, 10061372021
CRW_23S_B_P_43, CRW_23S_B_S_31, 870, 11038009833
CRW_23S_B_P_43, CRW_23S_B_S_50, 875.25, 10739392057
CRW_23S_B_P_43, CRW_23S_B_S_8, 858.75, 10349136771
CRW_23S_B_P_43, CRW_23S_B_T_36, 872.25, 10700316010
CRW_23S_B_P_43, CRW_23S_B_T_37, 883.75, 10355877655
CRW_23S_B_P_43, CRW_23S_B_The_48, , 67514410
CRW_23S_B_P_44, CRW_23S_B_P_5, 712.75, 10371443590
CRW_23S_B_P_44, CRW_23S_B_P_6, 556, 9892803804
CRW_23S_B_P_44, CRW_23S_B_P_7, 679, 9934311203
CRW_23S_B_P_44, CRW_23S_B_P_9, 510, 10075797905
CRW_23S_B_P_44, CRW_23S_B_S_31, 734.25, 11645177882
CRW_23S_B_P_44, CRW_23S_B_S_50, 745, 10984269284
CRW_23S_B_P_44, CRW_23S_B_S_8, 739.5, 10760881097
CRW_23S_B_P_44, CRW_23S_B_T_36, 704.5, 10693372139
CRW_23S_B_P_44, CRW_23S_B_T_37, 714.5, 10460384894
CRW_23S_B_P_44, CRW_23S_B_The_48, , 65231390
CRW_23S_B_P_5, CRW_23S_B_P_6, 684.25, 9787622711
CRW_23S_B_P_5, CRW_23S_B_P_7, 802.75, 9994950652
CRW_23S_B_P_5, CRW_23S_B_P_9, 668.75, 10235625819
CRW_23S_B_P_5, CRW_23S_B_S_31, 852, 11411733657
CRW_23S_B_P_5, CRW_23S_B_S_50, 873.5, 10398546785
CRW_23S_B_P_5, CRW_23S_B_S_8, 846.5, 10487981478
CRW_23S_B_P_5, CRW_23S_B_T_36, 845.5, 10802705678
CRW_23S_B_P_5, CRW_23S_B_T_37, 867.25, 10444634369
CRW_23S_B_P_5, CRW_23S_B_The_48, , 60108485
CRW_23S_B_P_6, CRW_23S_B_P_7, 173.25, 5569979757
CRW_23S_B_P_6, CRW_23S_B_P_9, 252, 8208937199
CRW_23S_B_P_6, CRW_23S_B_S_31, 783.25, 11469218565
CRW_23S_B_P_6, CRW_23S_B_S_50, 712.25, 11085974292
CRW_23S_B_P_6, CRW_23S_B_S_8, 781, 11049154897
CRW_23S_B_P_6, CRW_23S_B_T_36, 770.25, 10916746546
CRW_23S_B_P_6, CRW_23S_B_T_37, 778.5, 10946500946
CRW_23S_B_P_6, CRW_23S_B_The_48, , 61589434
CRW_23S_B_P_7, CRW_23S_B_P_9, 379, 8348839529
CRW_23S_B_P_7, CRW_23S_B_S_31, 886.75, 11552138293
CRW_23S_B_P_7, CRW_23S_B_S_50, 841.75, 11066403256
CRW_23S_B_P_7, CRW_23S_B_S_8, 884.25, 10942973378
CRW_23S_B_P_7, CRW_23S_B_T_36, 901.75, 10966264223
CRW_23S_B_P_7, CRW_23S_B_T_37, 890.25, 10856241918
CRW_23S_B_P_7, CRW_23S_B_The_48, , 68310915
CRW_23S_B_P_9, CRW_23S_B_S_31, 686.75, 9943459104
CRW_23S_B_P_9, CRW_23S_B_S_50, 672.25, 11263905424
CRW_23S_B_P_9, CRW_23S_B_S_8, 723, 11417378069
CRW_23S_B_P_9, CRW_23S_B_T_36, 714.25, 11700247570
CRW_23S_B_P_9, CRW_23S_B_T_37, 708.25, 11376432775
CRW_23S_B_P_9, CRW_23S_B_The_48, , 63622343
CRW_23S_B_S_31, CRW_23S_B_S_50, 662.5, 11138984108
CRW_23S_B_S_31, CRW_23S_B_S_8, 604.25, 11311141780
CRW_23S_B_S_31, CRW_23S_B_T_36, 756.75, 11777323885
CRW_23S_B_S_31, CRW_23S_B_T_37, 716.25, 11424432548
CRW_23S_B_S_31, CRW_23S_B_The_48, , 66057010
CRW_23S_B_S_50, CRW_23S_B_S_8, 554, 9916035403
CRW_23S_B_S_50, CRW_23S_B_T_36, 698.75, 11143383085
CRW_23S_B_S_50, CRW_23S_B_T_37, 687.5, 10712477625
CRW_23S_B_S_50, CRW_23S_B_The_48, , 62270640
CRW_23S_B_S_8, CRW_23S_B_T_36, 766.75, 10853775587
CRW_23S_B_S_8, CRW_23S_B_T_37, 699.5, 10630299056
CRW_23S_B_S_8, CRW_23S_B_The_48, , 61631311
CRW_23S_B_T_36, CRW_23S_B_T_37, 96, 6170696694
CRW_23S_B_T_36, CRW_23S_B_The_48, , 62098438
CRW_23S_B_T_37, CRW_23S_B_The_48, , 62592496
