CRW-5S_A_C_20, CRW-5S_A_C_22, 0
CRW-5S_A_C_20, CRW-5S_A_C_23, 0
CRW-5S_A_C_20, CRW-5S_A_C_24, 0
CRW-5S_A_C_20, CRW-5S_A_C_25, 0
CRW-5S_A_C_20, CRW-5S_A_E_10, 0
CRW-5S_A_C_20, CRW-5S_A_E_11, 0
CRW-5S_A_C_20, CRW-5S_A_E_12, 0
CRW-5S_A_C_20, CRW-5S_A_E_13, 0
CRW-5S_A_C_20, CRW-5S_A_E_14, 0
CRW-5S_A_C_20, CRW-5S_A_E_15, 0
CRW-5S_A_C_20, CRW-5S_A_E_16, 0
CRW-5S_A_C_20, CRW-5S_A_E_17, 0
CRW-5S_A_C_20, CRW-5S_A_E_18, 0
CRW-5S_A_C_20, CRW-5S_A_E_19, 0
CRW-5S_A_C_20, CRW-5S_A_E_21, 0
CRW-5S_A_C_20, CRW-5S_A_E_26, 0
CRW-5S_A_C_20, CRW-5S_A_E_27, 0
CRW-5S_A_C_20, CRW-5S_A_E_2, 0
CRW-5S_A_C_20, CRW-5S_A_E_3, 0
CRW-5S_A_C_20, CRW-5S_A_E_4, 0
CRW-5S_A_C_20, CRW-5S_A_E_5, 0
CRW-5S_A_C_20, CRW-5S_A_E_6, 0
CRW-5S_A_C_20, CRW-5S_A_E_7, 0
CRW-5S_A_C_20, CRW-5S_A_E_8, 0
CRW-5S_A_C_20, CRW-5S_A_E_9, 0
CRW-5S_A_C_22, CRW-5S_A_C_23, 0
CRW-5S_A_C_22, CRW-5S_A_C_24, 0
CRW-5S_A_C_22, CRW-5S_A_C_25, 0
CRW-5S_A_C_22, CRW-5S_A_E_10, 0
CRW-5S_A_C_22, CRW-5S_A_E_11, 0
CRW-5S_A_C_22, CRW-5S_A_E_12, 0
CRW-5S_A_C_22, CRW-5S_A_E_13, 0
CRW-5S_A_C_22, CRW-5S_A_E_14, 0
CRW-5S_A_C_22, CRW-5S_A_E_15, 0
CRW-5S_A_C_22, CRW-5S_A_E_16, 0
CRW-5S_A_C_22, CRW-5S_A_E_17, 0
CRW-5S_A_C_22, CRW-5S_A_E_18, 0
CRW-5S_A_C_22, CRW-5S_A_E_19, 0
CRW-5S_A_C_22, CRW-5S_A_E_21, 0
CRW-5S_A_C_22, CRW-5S_A_E_26, 0
CRW-5S_A_C_22, CRW-5S_A_E_27, 0
CRW-5S_A_C_22, CRW-5S_A_E_2, 0
CRW-5S_A_C_22, CRW-5S_A_E_3, 0
CRW-5S_A_C_22, CRW-5S_A_E_4, 0
CRW-5S_A_C_22, CRW-5S_A_E_5, 0
CRW-5S_A_C_22, CRW-5S_A_E_6, 0
CRW-5S_A_C_22, CRW-5S_A_E_7, 0
CRW-5S_A_C_22, CRW-5S_A_E_8, 0
CRW-5S_A_C_22, CRW-5S_A_E_9, 0
CRW-5S_A_C_23, CRW-5S_A_C_24, 0
CRW-5S_A_C_23, CRW-5S_A_C_25, 0
CRW-5S_A_C_23, CRW-5S_A_E_10, 0
CRW-5S_A_C_23, CRW-5S_A_E_11, 0
CRW-5S_A_C_23, CRW-5S_A_E_12, 0
CRW-5S_A_C_23, CRW-5S_A_E_13, 0
CRW-5S_A_C_23, CRW-5S_A_E_14, 0
CRW-5S_A_C_23, CRW-5S_A_E_15, 0
CRW-5S_A_C_23, CRW-5S_A_E_16, 0
CRW-5S_A_C_23, CRW-5S_A_E_17, 0
CRW-5S_A_C_23, CRW-5S_A_E_18, 0
CRW-5S_A_C_23, CRW-5S_A_E_19, 0
CRW-5S_A_C_23, CRW-5S_A_E_21, 0
CRW-5S_A_C_23, CRW-5S_A_E_26, 0
CRW-5S_A_C_23, CRW-5S_A_E_27, 0
CRW-5S_A_C_23, CRW-5S_A_E_2, 0
CRW-5S_A_C_23, CRW-5S_A_E_3, 0
CRW-5S_A_C_23, CRW-5S_A_E_4, 0
CRW-5S_A_C_23, CRW-5S_A_E_5, 0
CRW-5S_A_C_23, CRW-5S_A_E_6, 0
CRW-5S_A_C_23, CRW-5S_A_E_7, 0
CRW-5S_A_C_23, CRW-5S_A_E_8, 0
CRW-5S_A_C_23, CRW-5S_A_E_9, 0
CRW-5S_A_C_24, CRW-5S_A_C_25, 0
CRW-5S_A_C_24, CRW-5S_A_E_10, 0
CRW-5S_A_C_24, CRW-5S_A_E_11, 0
CRW-5S_A_C_24, CRW-5S_A_E_12, 0
CRW-5S_A_C_24, CRW-5S_A_E_13, 0
CRW-5S_A_C_24, CRW-5S_A_E_14, 0
CRW-5S_A_C_24, CRW-5S_A_E_15, 0
CRW-5S_A_C_24, CRW-5S_A_E_16, 0
CRW-5S_A_C_24, CRW-5S_A_E_17, 0
CRW-5S_A_C_24, CRW-5S_A_E_18, 0
CRW-5S_A_C_24, CRW-5S_A_E_19, 0
CRW-5S_A_C_24, CRW-5S_A_E_21, 0
CRW-5S_A_C_24, CRW-5S_A_E_26, 0
CRW-5S_A_C_24, CRW-5S_A_E_27, 0
CRW-5S_A_C_24, CRW-5S_A_E_2, 0
CRW-5S_A_C_24, CRW-5S_A_E_3, 0
CRW-5S_A_C_24, CRW-5S_A_E_4, 0
CRW-5S_A_C_24, CRW-5S_A_E_5, 0
CRW-5S_A_C_24, CRW-5S_A_E_6, 0
CRW-5S_A_C_24, CRW-5S_A_E_7, 0
CRW-5S_A_C_24, CRW-5S_A_E_8, 0
CRW-5S_A_C_24, CRW-5S_A_E_9, 0
CRW-5S_A_C_25, CRW-5S_A_E_10, 0
CRW-5S_A_C_25, CRW-5S_A_E_11, 0
CRW-5S_A_C_25, CRW-5S_A_E_12, 0
CRW-5S_A_C_25, CRW-5S_A_E_13, 0
CRW-5S_A_C_25, CRW-5S_A_E_14, 0
CRW-5S_A_C_25, CRW-5S_A_E_15, 0
CRW-5S_A_C_25, CRW-5S_A_E_16, 0
CRW-5S_A_C_25, CRW-5S_A_E_17, 0
CRW-5S_A_C_25, CRW-5S_A_E_18, 0
CRW-5S_A_C_25, CRW-5S_A_E_19, 0
CRW-5S_A_C_25, CRW-5S_A_E_21, 0
CRW-5S_A_C_25, CRW-5S_A_E_26, 0
CRW-5S_A_C_25, CRW-5S_A_E_27, 0
CRW-5S_A_C_25, CRW-5S_A_E_2, 0
CRW-5S_A_C_25, CRW-5S_A_E_3, 0
CRW-5S_A_C_25, CRW-5S_A_E_4, 0
CRW-5S_A_C_25, CRW-5S_A_E_5, 0
CRW-5S_A_C_25, CRW-5S_A_E_6, 0
CRW-5S_A_C_25, CRW-5S_A_E_7, 0
CRW-5S_A_C_25, CRW-5S_A_E_8, 0
CRW-5S_A_C_25, CRW-5S_A_E_9, 0
CRW-5S_A_E_10, CRW-5S_A_E_11, 0
CRW-5S_A_E_10, CRW-5S_A_E_12, 0
CRW-5S_A_E_10, CRW-5S_A_E_13, 0
CRW-5S_A_E_10, CRW-5S_A_E_14, 0
CRW-5S_A_E_10, CRW-5S_A_E_15, 0
CRW-5S_A_E_10, CRW-5S_A_E_16, 0
CRW-5S_A_E_10, CRW-5S_A_E_17, 0
CRW-5S_A_E_10, CRW-5S_A_E_18, 0
CRW-5S_A_E_10, CRW-5S_A_E_19, 0
CRW-5S_A_E_10, CRW-5S_A_E_21, 0
CRW-5S_A_E_10, CRW-5S_A_E_26, 0
CRW-5S_A_E_10, CRW-5S_A_E_27, 0
CRW-5S_A_E_10, CRW-5S_A_E_2, 0
CRW-5S_A_E_10, CRW-5S_A_E_3, 0
CRW-5S_A_E_10, CRW-5S_A_E_4, 0
CRW-5S_A_E_10, CRW-5S_A_E_5, 0
CRW-5S_A_E_10, CRW-5S_A_E_6, 0
CRW-5S_A_E_10, CRW-5S_A_E_7, 0
CRW-5S_A_E_10, CRW-5S_A_E_8, 0
CRW-5S_A_E_10, CRW-5S_A_E_9, 0
CRW-5S_A_E_11, CRW-5S_A_E_12, 0
CRW-5S_A_E_11, CRW-5S_A_E_13, 0
CRW-5S_A_E_11, CRW-5S_A_E_14, 0
CRW-5S_A_E_11, CRW-5S_A_E_15, 0
CRW-5S_A_E_11, CRW-5S_A_E_16, 0
CRW-5S_A_E_11, CRW-5S_A_E_17, 0
CRW-5S_A_E_11, CRW-5S_A_E_18, 0
CRW-5S_A_E_11, CRW-5S_A_E_19, 0
CRW-5S_A_E_11, CRW-5S_A_E_21, 0
CRW-5S_A_E_11, CRW-5S_A_E_26, 0
CRW-5S_A_E_11, CRW-5S_A_E_27, 0
CRW-5S_A_E_11, CRW-5S_A_E_2, 0
CRW-5S_A_E_11, CRW-5S_A_E_3, 0
CRW-5S_A_E_11, CRW-5S_A_E_4, 0
CRW-5S_A_E_11, CRW-5S_A_E_5, 0
CRW-5S_A_E_11, CRW-5S_A_E_6, 0
CRW-5S_A_E_11, CRW-5S_A_E_7, 0
CRW-5S_A_E_11, CRW-5S_A_E_8, 0
CRW-5S_A_E_11, CRW-5S_A_E_9, 0
CRW-5S_A_E_12, CRW-5S_A_E_13, 0
CRW-5S_A_E_12, CRW-5S_A_E_14, 0
CRW-5S_A_E_12, CRW-5S_A_E_15, 0
CRW-5S_A_E_12, CRW-5S_A_E_16, 0
CRW-5S_A_E_12, CRW-5S_A_E_17, 0
CRW-5S_A_E_12, CRW-5S_A_E_18, 0
CRW-5S_A_E_12, CRW-5S_A_E_19, 0
CRW-5S_A_E_12, CRW-5S_A_E_21, 0
CRW-5S_A_E_12, CRW-5S_A_E_26, 0
CRW-5S_A_E_12, CRW-5S_A_E_27, 0
CRW-5S_A_E_12, CRW-5S_A_E_2, 0
CRW-5S_A_E_12, CRW-5S_A_E_3, 0
CRW-5S_A_E_12, CRW-5S_A_E_4, 0
CRW-5S_A_E_12, CRW-5S_A_E_5, 0
CRW-5S_A_E_12, CRW-5S_A_E_6, 0
CRW-5S_A_E_12, CRW-5S_A_E_7, 0
CRW-5S_A_E_12, CRW-5S_A_E_8, 0
CRW-5S_A_E_12, CRW-5S_A_E_9, 0
CRW-5S_A_E_13, CRW-5S_A_E_14, 0
CRW-5S_A_E_13, CRW-5S_A_E_15, 0
CRW-5S_A_E_13, CRW-5S_A_E_16, 0
CRW-5S_A_E_13, CRW-5S_A_E_17, 0
CRW-5S_A_E_13, CRW-5S_A_E_18, 0
CRW-5S_A_E_13, CRW-5S_A_E_19, 0
CRW-5S_A_E_13, CRW-5S_A_E_21, 0
CRW-5S_A_E_13, CRW-5S_A_E_26, 0
CRW-5S_A_E_13, CRW-5S_A_E_27, 0
CRW-5S_A_E_13, CRW-5S_A_E_2, 0
CRW-5S_A_E_13, CRW-5S_A_E_3, 0
CRW-5S_A_E_13, CRW-5S_A_E_4, 0
CRW-5S_A_E_13, CRW-5S_A_E_5, 0
CRW-5S_A_E_13, CRW-5S_A_E_6, 0
CRW-5S_A_E_13, CRW-5S_A_E_7, 0
CRW-5S_A_E_13, CRW-5S_A_E_8, 0
CRW-5S_A_E_13, CRW-5S_A_E_9, 0
CRW-5S_A_E_14, CRW-5S_A_E_15, 0
CRW-5S_A_E_14, CRW-5S_A_E_16, 0
CRW-5S_A_E_14, CRW-5S_A_E_17, 0
CRW-5S_A_E_14, CRW-5S_A_E_18, 0
CRW-5S_A_E_14, CRW-5S_A_E_19, 0
CRW-5S_A_E_14, CRW-5S_A_E_21, 0
CRW-5S_A_E_14, CRW-5S_A_E_26, 0
CRW-5S_A_E_14, CRW-5S_A_E_27, 0
CRW-5S_A_E_14, CRW-5S_A_E_2, 0
CRW-5S_A_E_14, CRW-5S_A_E_3, 0
CRW-5S_A_E_14, CRW-5S_A_E_4, 0
CRW-5S_A_E_14, CRW-5S_A_E_5, 0
CRW-5S_A_E_14, CRW-5S_A_E_6, 0
CRW-5S_A_E_14, CRW-5S_A_E_7, 0
CRW-5S_A_E_14, CRW-5S_A_E_8, 0
CRW-5S_A_E_14, CRW-5S_A_E_9, 0
CRW-5S_A_E_15, CRW-5S_A_E_16, 0
CRW-5S_A_E_15, CRW-5S_A_E_17, 0
CRW-5S_A_E_15, CRW-5S_A_E_18, 0
CRW-5S_A_E_15, CRW-5S_A_E_19, 0
CRW-5S_A_E_15, CRW-5S_A_E_21, 0
CRW-5S_A_E_15, CRW-5S_A_E_26, 0
CRW-5S_A_E_15, CRW-5S_A_E_27, 0
CRW-5S_A_E_15, CRW-5S_A_E_2, 0
CRW-5S_A_E_15, CRW-5S_A_E_3, 0
CRW-5S_A_E_15, CRW-5S_A_E_4, 0
CRW-5S_A_E_15, CRW-5S_A_E_5, 0
CRW-5S_A_E_15, CRW-5S_A_E_6, 0
CRW-5S_A_E_15, CRW-5S_A_E_7, 0
CRW-5S_A_E_15, CRW-5S_A_E_8, 0
CRW-5S_A_E_15, CRW-5S_A_E_9, 0
CRW-5S_A_E_16, CRW-5S_A_E_17, 0
CRW-5S_A_E_16, CRW-5S_A_E_18, 0
CRW-5S_A_E_16, CRW-5S_A_E_19, 0
CRW-5S_A_E_16, CRW-5S_A_E_21, 0
CRW-5S_A_E_16, CRW-5S_A_E_26, 0
CRW-5S_A_E_16, CRW-5S_A_E_27, 0
CRW-5S_A_E_16, CRW-5S_A_E_2, 0
CRW-5S_A_E_16, CRW-5S_A_E_3, 0
CRW-5S_A_E_16, CRW-5S_A_E_4, 0
CRW-5S_A_E_16, CRW-5S_A_E_5, 0
CRW-5S_A_E_16, CRW-5S_A_E_6, 0
CRW-5S_A_E_16, CRW-5S_A_E_7, 0
CRW-5S_A_E_16, CRW-5S_A_E_8, 0
CRW-5S_A_E_16, CRW-5S_A_E_9, 0
CRW-5S_A_E_17, CRW-5S_A_E_18, 0
CRW-5S_A_E_17, CRW-5S_A_E_19, 0
CRW-5S_A_E_17, CRW-5S_A_E_21, 0
CRW-5S_A_E_17, CRW-5S_A_E_26, 0
CRW-5S_A_E_17, CRW-5S_A_E_27, 0
CRW-5S_A_E_17, CRW-5S_A_E_2, 0
CRW-5S_A_E_17, CRW-5S_A_E_3, 0
CRW-5S_A_E_17, CRW-5S_A_E_4, 0
CRW-5S_A_E_17, CRW-5S_A_E_5, 0
CRW-5S_A_E_17, CRW-5S_A_E_6, 0
CRW-5S_A_E_17, CRW-5S_A_E_7, 0
CRW-5S_A_E_17, CRW-5S_A_E_8, 0
CRW-5S_A_E_17, CRW-5S_A_E_9, 0
CRW-5S_A_E_18, CRW-5S_A_E_19, 0
CRW-5S_A_E_18, CRW-5S_A_E_21, 0
CRW-5S_A_E_18, CRW-5S_A_E_26, 0
CRW-5S_A_E_18, CRW-5S_A_E_27, 0
CRW-5S_A_E_18, CRW-5S_A_E_2, 0
CRW-5S_A_E_18, CRW-5S_A_E_3, 0
CRW-5S_A_E_18, CRW-5S_A_E_4, 0
CRW-5S_A_E_18, CRW-5S_A_E_5, 0
CRW-5S_A_E_18, CRW-5S_A_E_6, 0
CRW-5S_A_E_18, CRW-5S_A_E_7, 0
CRW-5S_A_E_18, CRW-5S_A_E_8, 0
CRW-5S_A_E_18, CRW-5S_A_E_9, 0
CRW-5S_A_E_19, CRW-5S_A_E_21, 0
CRW-5S_A_E_19, CRW-5S_A_E_26, 0
CRW-5S_A_E_19, CRW-5S_A_E_27, 0
CRW-5S_A_E_19, CRW-5S_A_E_2, 0
CRW-5S_A_E_19, CRW-5S_A_E_3, 0
CRW-5S_A_E_19, CRW-5S_A_E_4, 0
CRW-5S_A_E_19, CRW-5S_A_E_5, 0
CRW-5S_A_E_19, CRW-5S_A_E_6, 0
CRW-5S_A_E_19, CRW-5S_A_E_7, 0
CRW-5S_A_E_19, CRW-5S_A_E_8, 0
CRW-5S_A_E_19, CRW-5S_A_E_9, 0
CRW-5S_A_E_21, CRW-5S_A_E_26, 0
CRW-5S_A_E_21, CRW-5S_A_E_27, 0
CRW-5S_A_E_21, CRW-5S_A_E_2, 0
CRW-5S_A_E_21, CRW-5S_A_E_3, 0
CRW-5S_A_E_21, CRW-5S_A_E_4, 0
CRW-5S_A_E_21, CRW-5S_A_E_5, 0
CRW-5S_A_E_21, CRW-5S_A_E_6, 0
CRW-5S_A_E_21, CRW-5S_A_E_7, 0
CRW-5S_A_E_21, CRW-5S_A_E_8, 0
CRW-5S_A_E_21, CRW-5S_A_E_9, 0
CRW-5S_A_E_26, CRW-5S_A_E_27, 0
CRW-5S_A_E_26, CRW-5S_A_E_2, 0
CRW-5S_A_E_26, CRW-5S_A_E_3, 0
CRW-5S_A_E_26, CRW-5S_A_E_4, 0
CRW-5S_A_E_26, CRW-5S_A_E_5, 0
CRW-5S_A_E_26, CRW-5S_A_E_6, 0
CRW-5S_A_E_26, CRW-5S_A_E_7, 0
CRW-5S_A_E_26, CRW-5S_A_E_8, 0
CRW-5S_A_E_26, CRW-5S_A_E_9, 0
CRW-5S_A_E_27, CRW-5S_A_E_2, 0
CRW-5S_A_E_27, CRW-5S_A_E_3, 0
CRW-5S_A_E_27, CRW-5S_A_E_4, 0
CRW-5S_A_E_27, CRW-5S_A_E_5, 0
CRW-5S_A_E_27, CRW-5S_A_E_6, 0
CRW-5S_A_E_27, CRW-5S_A_E_7, 0
CRW-5S_A_E_27, CRW-5S_A_E_8, 0
CRW-5S_A_E_27, CRW-5S_A_E_9, 0
CRW-5S_A_E_2, CRW-5S_A_E_3, 0
CRW-5S_A_E_2, CRW-5S_A_E_4, 0
CRW-5S_A_E_2, CRW-5S_A_E_5, 0
CRW-5S_A_E_2, CRW-5S_A_E_6, 0
CRW-5S_A_E_2, CRW-5S_A_E_7, 0
CRW-5S_A_E_2, CRW-5S_A_E_8, 0
CRW-5S_A_E_2, CRW-5S_A_E_9, 0
CRW-5S_A_E_3, CRW-5S_A_E_4, 0
CRW-5S_A_E_3, CRW-5S_A_E_5, 0
CRW-5S_A_E_3, CRW-5S_A_E_6, 0
CRW-5S_A_E_3, CRW-5S_A_E_7, 0
CRW-5S_A_E_3, CRW-5S_A_E_8, 0
CRW-5S_A_E_3, CRW-5S_A_E_9, 0
CRW-5S_A_E_4, CRW-5S_A_E_5, 0
CRW-5S_A_E_4, CRW-5S_A_E_6, 0
CRW-5S_A_E_4, CRW-5S_A_E_7, 0
CRW-5S_A_E_4, CRW-5S_A_E_8, 0
CRW-5S_A_E_4, CRW-5S_A_E_9, 0
CRW-5S_A_E_5, CRW-5S_A_E_6, 0
CRW-5S_A_E_5, CRW-5S_A_E_7, 0
CRW-5S_A_E_5, CRW-5S_A_E_8, 0
CRW-5S_A_E_5, CRW-5S_A_E_9, 0
CRW-5S_A_E_6, CRW-5S_A_E_7, 0
CRW-5S_A_E_6, CRW-5S_A_E_8, 0
CRW-5S_A_E_6, CRW-5S_A_E_9, 0
CRW-5S_A_E_7, CRW-5S_A_E_8, 0
CRW-5S_A_E_7, CRW-5S_A_E_9, 0
CRW-5S_A_E_8, CRW-5S_A_E_9, 0
